,Date,pH,COD (mg/L),BOD (mg/L),TSS,Oil & Grease (mg/L),Ammonical Nitrogen (mg/L)
0,2020-01-01,7.8,1120,330,500,26.4,221.0
1,2020-01-02,7.8,1120,330,500,26.4,221.0
2,2020-01-03,7.8,1120,330,500,26.4,221.0
3,2020-01-04,7.8,1120,330,500,26.4,221.0
4,2020-01-05,7.8,1120,330,500,26.4,221.0
5,2020-01-06,7.8,1120,330,500,26.4,221.0
6,2020-01-07,7.8,1120,330,500,26.4,221.0
7,2020-01-08,7.8,1120,330,500,26.4,221.0
8,2020-01-09,7.8,1120,330,500,26.4,221.0
9,2020-01-10,7.8,1120,330,500,26.4,221.0
10,2020-01-11,7.8,1120,330,500,26.4,221.0
11,2020-01-12,7.8,1120,330,500,26.4,221.0
12,2020-01-13,7.8,1120,330,500,26.4,221.0
13,2020-01-14,7.8,1120,330,500,26.4,221.0
14,2020-01-15,7.8,1120,330,500,26.4,221.0
15,2020-01-16,7.8,1120,330,500,26.4,221.0
16,2020-01-17,7.8,1120,330,500,26.4,221.0
17,2020-01-18,7.8,1120,330,500,26.4,221.0
18,2020-01-19,7.8,1120,330,500,26.4,221.0
19,2020-01-20,7.8,1120,330,500,26.4,221.0
20,2020-01-21,7.8,1120,330,500,26.4,221.0
21,2020-01-22,7.8,1120,330,500,26.4,221.0
22,2020-01-23,7.8,1120,330,500,26.4,221.0
23,2020-01-24,7.8,1120,330,500,26.4,221.0
24,2020-01-25,7.8,1120,330,500,26.4,221.0
25,2020-01-26,7.8,1120,330,500,26.4,221.0
26,2020-01-27,7.8,1120,330,500,26.4,221.0
27,2020-01-28,7.8,1120,330,500,26.4,221.0
28,2020-01-29,7.8,1120,330,500,26.4,221.0
29,2020-01-30,7.8,1120,330,500,26.4,221.0
30,2020-01-31,7.8,1120,330,500,26.4,221.0
31,2020-02-01,7.8,1120,330,500,26.4,221.0
32,2020-02-02,7.8,1120,330,500,26.4,221.0
33,2020-02-03,7.8,1120,330,500,26.4,221.0
34,2020-02-04,7.8,1120,330,500,26.4,221.0
35,2020-02-05,7.8,1120,330,500,26.4,221.0
36,2020-02-06,7.8,1120,330,500,26.4,221.0
37,2020-02-07,7.8,1120,330,500,26.4,221.0
38,2020-02-08,7.8,1120,330,500,26.4,221.0
39,2020-02-09,7.8,1120,330,500,26.4,221.0
40,2020-02-10,7.8,1120,330,500,26.4,221.0
41,2020-02-11,7.8,1120,330,500,26.4,221.0
42,2020-02-12,7.8,1120,330,500,26.4,221.0
43,2020-02-13,7.8,1120,330,500,26.4,221.0
44,2020-02-14,7.8,1120,330,500,26.4,221.0
45,2020-02-15,7.8,1120,330,500,26.4,221.0
46,2020-02-16,7.8,1120,330,500,26.4,221.0
47,2020-02-17,7.8,1120,330,500,26.4,221.0
48,2020-02-18,7.8,1120,330,500,26.4,221.0
49,2020-02-19,7.8,1120,330,500,26.4,221.0
50,2020-02-20,7.8,1120,330,500,26.4,221.0
51,2020-02-21,7.8,1120,330,500,26.4,221.0
52,2020-02-22,7.8,1120,330,500,26.4,221.0
53,2020-02-23,7.8,1120,330,500,26.4,221.0
54,2020-02-24,7.8,1120,330,500,26.4,221.0
55,2020-02-25,7.8,1120,330,500,26.4,221.0
56,2020-02-26,7.8,1120,330,500,26.4,221.0
57,2020-02-27,7.8,1120,330,500,26.4,221.0
58,2020-02-28,7.8,1120,330,500,26.4,221.0
59,2020-02-29,7.8,1120,330,500,26.4,221.0
60,2020-03-01,5.8,592,194,370,28.4,221.0
61,2020-03-02,5.8,592,194,370,28.4,221.0
62,2020-03-03,5.8,592,194,370,28.4,221.0
63,2020-03-04,5.8,592,194,370,28.4,221.0
64,2020-03-05,5.8,592,194,370,28.4,221.0
65,2020-03-06,5.8,592,194,370,28.4,221.0
66,2020-03-07,5.8,592,194,370,28.4,221.0
67,2020-03-08,5.8,592,194,370,28.4,221.0
68,2020-03-09,5.8,592,194,370,28.4,221.0
69,2020-03-10,5.8,592,194,370,28.4,221.0
70,2020-03-11,5.8,592,194,370,28.4,221.0
71,2020-03-12,5.8,592,194,370,28.4,221.0
72,2020-03-13,5.8,592,194,370,28.4,221.0
73,2020-03-14,5.8,592,194,370,28.4,221.0
74,2020-03-15,5.8,592,194,370,28.4,221.0
75,2020-03-16,5.8,592,194,370,28.4,221.0
76,2020-03-17,5.8,592,194,370,28.4,221.0
77,2020-03-18,5.8,592,194,370,28.4,221.0
78,2020-03-19,5.8,592,194,370,28.4,221.0
79,2020-03-20,5.8,592,194,370,28.4,221.0
80,2020-03-21,5.8,592,194,370,28.4,221.0
81,2020-03-22,5.8,592,194,370,28.4,221.0
82,2020-03-23,5.8,592,194,370,28.4,221.0
83,2020-03-24,5.8,592,194,370,28.4,221.0
84,2020-03-25,5.8,592,194,370,28.4,221.0
85,2020-03-26,5.8,592,194,370,28.4,221.0
86,2020-03-27,5.8,592,194,370,28.4,221.0
87,2020-03-28,5.8,592,194,370,28.4,221.0
88,2020-03-29,5.8,592,194,370,28.4,221.0
89,2020-03-30,5.8,592,194,370,28.4,221.0
90,2020-03-31,5.8,592,194,370,28.4,221.0
91,2020-04-01,5.8,592,194,370,28.4,221.0
92,2020-04-02,5.8,592,194,370,28.4,221.0
93,2020-04-03,5.8,592,194,370,28.4,221.0
94,2020-04-04,5.8,592,194,370,28.4,221.0
95,2020-04-05,5.8,592,194,370,28.4,221.0
96,2020-04-06,5.8,592,194,370,28.4,221.0
97,2020-04-07,5.8,592,194,370,28.4,221.0
98,2020-04-08,5.8,592,194,370,28.4,221.0
99,2020-04-09,5.8,592,194,370,28.4,221.0
100,2020-04-10,5.8,592,194,370,28.4,221.0
101,2020-04-11,5.8,592,194,370,28.4,221.0
102,2020-04-12,5.8,592,194,370,28.4,221.0
103,2020-04-13,5.8,592,194,370,28.4,221.0
104,2020-04-14,5.8,592,194,370,28.4,221.0
105,2020-04-15,5.8,592,194,370,28.4,221.0
106,2020-04-16,5.8,592,194,370,28.4,221.0
107,2020-04-17,5.8,592,194,370,28.4,221.0
108,2020-04-18,5.8,592,194,370,28.4,221.0
109,2020-04-19,5.8,592,194,370,28.4,221.0
110,2020-04-20,5.8,592,194,370,28.4,221.0
111,2020-04-21,5.8,592,194,370,28.4,221.0
112,2020-04-22,5.8,592,194,370,28.4,221.0
113,2020-04-23,5.8,592,194,370,28.4,221.0
114,2020-04-24,5.8,592,194,370,28.4,221.0
115,2020-04-25,5.8,592,194,370,28.4,221.0
116,2020-04-26,5.8,592,194,370,28.4,221.0
117,2020-04-27,5.8,592,194,370,28.4,221.0
118,2020-04-28,5.8,592,194,370,28.4,221.0
119,2020-04-29,5.8,592,194,370,28.4,221.0
120,2020-04-30,5.8,592,194,370,28.4,221.0
121,2020-05-01,8.2,420,138,269,24.8,42.2
122,2020-05-02,8.2,420,138,269,24.8,42.2
123,2020-05-03,8.2,420,138,269,24.8,42.2
124,2020-05-04,8.2,420,138,269,24.8,42.2
125,2020-05-05,8.2,420,138,269,24.8,42.2
126,2020-05-06,8.2,420,138,269,24.8,42.2
127,2020-05-07,8.2,420,138,269,24.8,42.2
128,2020-05-08,8.2,420,138,269,24.8,42.2
129,2020-05-09,8.2,420,138,269,24.8,42.2
130,2020-05-10,8.2,420,138,269,24.8,42.2
131,2020-05-11,8.2,420,138,269,24.8,42.2
132,2020-05-12,8.2,420,138,269,24.8,42.2
133,2020-05-13,8.2,420,138,269,24.8,42.2
134,2020-05-14,8.2,420,138,269,24.8,42.2
135,2020-05-15,8.2,420,138,269,24.8,42.2
136,2020-05-16,8.2,420,138,269,24.8,42.2
137,2020-05-17,8.2,420,138,269,24.8,42.2
138,2020-05-18,8.2,420,138,269,24.8,42.2
139,2020-05-19,8.2,420,138,269,24.8,42.2
140,2020-05-20,8.2,420,138,269,24.8,42.2
141,2020-05-21,8.2,420,138,269,24.8,42.2
142,2020-05-22,8.2,420,138,269,24.8,42.2
143,2020-05-23,8.2,420,138,269,24.8,42.2
144,2020-05-24,8.2,420,138,269,24.8,42.2
145,2020-05-25,8.2,420,138,269,24.8,42.2
146,2020-05-26,8.2,420,138,269,24.8,42.2
147,2020-05-27,8.2,420,138,269,24.8,42.2
148,2020-05-28,8.2,420,138,269,24.8,42.2
149,2020-05-29,8.2,420,138,269,24.8,42.2
150,2020-05-30,8.2,420,138,269,24.8,42.2
151,2020-05-31,8.2,420,138,269,24.8,42.2
152,2020-06-01,8.2,420,138,269,24.8,42.2
153,2020-06-02,8.2,420,138,269,24.8,42.2
154,2020-06-03,8.2,420,138,269,24.8,42.2
155,2020-06-04,8.2,420,138,269,24.8,42.2
156,2020-06-05,8.2,420,138,269,24.8,42.2
157,2020-06-06,8.2,420,138,269,24.8,42.2
158,2020-06-07,8.2,420,138,269,24.8,42.2
159,2020-06-08,8.2,420,138,269,24.8,42.2
160,2020-06-09,8.2,420,138,269,24.8,42.2
161,2020-06-10,8.2,420,138,269,24.8,42.2
162,2020-06-11,8.2,420,138,269,24.8,42.2
163,2020-06-12,8.2,420,138,269,24.8,42.2
164,2020-06-13,8.2,420,138,269,24.8,42.2
165,2020-06-14,8.2,420,138,269,24.8,42.2
166,2020-06-15,8.2,420,138,269,24.8,42.2
167,2020-06-16,8.2,420,138,269,24.8,42.2
168,2020-06-17,8.2,420,138,269,24.8,42.2
169,2020-06-18,8.2,420,138,269,24.8,42.2
170,2020-06-19,8.2,420,138,269,24.8,42.2
171,2020-06-20,8.2,420,138,269,24.8,42.2
172,2020-06-21,8.2,420,138,269,24.8,42.2
173,2020-06-22,8.2,420,138,269,24.8,42.2
174,2020-06-23,8.2,420,138,269,24.8,42.2
175,2020-06-24,8.2,420,138,269,24.8,42.2
176,2020-06-25,8.2,420,138,269,24.8,42.2
177,2020-06-26,8.2,420,138,269,24.8,42.2
178,2020-06-27,8.2,420,138,269,24.8,42.2
179,2020-06-28,8.2,420,138,269,24.8,42.2
180,2020-06-29,8.2,420,138,269,24.8,42.2
181,2020-06-30,8.2,420,138,269,24.8,42.2
182,2020-07-01,7.1,184,60,152,28.4,98.0
183,2020-07-02,7.1,184,60,152,28.4,98.0
184,2020-07-03,7.1,184,60,152,28.4,98.0
185,2020-07-04,7.1,184,60,152,28.4,98.0
186,2020-07-05,7.1,184,60,152,28.4,98.0
187,2020-07-06,7.1,184,60,152,28.4,98.0
188,2020-07-07,7.1,184,60,152,28.4,98.0
189,2020-07-08,7.1,184,60,152,28.4,98.0
190,2020-07-09,7.1,184,60,152,28.4,98.0
191,2020-07-10,7.1,184,60,152,28.4,98.0
192,2020-07-11,7.1,184,60,152,28.4,98.0
193,2020-07-12,7.1,184,60,152,28.4,98.0
194,2020-07-13,7.1,184,60,152,28.4,98.0
195,2020-07-14,7.1,184,60,152,28.4,98.0
196,2020-07-15,7.1,184,60,152,28.4,98.0
197,2020-07-16,7.1,184,60,152,28.4,98.0
198,2020-07-17,7.1,184,60,152,28.4,98.0
199,2020-07-18,7.1,184,60,152,28.4,98.0
200,2020-07-19,7.1,184,60,152,28.4,98.0
201,2020-07-20,7.1,184,60,152,28.4,98.0
202,2020-07-21,7.1,184,60,152,28.4,98.0
203,2020-07-22,7.1,184,60,152,28.4,98.0
204,2020-07-23,7.1,184,60,152,28.4,98.0
205,2020-07-24,7.1,184,60,152,28.4,98.0
206,2020-07-25,7.1,184,60,152,28.4,98.0
207,2020-07-26,7.1,184,60,152,28.4,98.0
208,2020-07-27,7.1,184,60,152,28.4,98.0
209,2020-07-28,7.1,184,60,152,28.4,98.0
210,2020-07-29,7.1,184,60,152,28.4,98.0
211,2020-07-30,7.1,184,60,152,28.4,98.0
212,2020-07-31,7.1,184,60,152,28.4,98.0
213,2020-08-01,7.2,268,88,176,20.0,578.0
214,2020-08-02,7.2,268,88,176,20.0,578.0
215,2020-08-03,7.2,268,88,176,20.0,578.0
216,2020-08-04,7.2,268,88,176,20.0,578.0
217,2020-08-05,7.2,268,88,176,20.0,578.0
218,2020-08-06,7.2,268,88,176,20.0,578.0
219,2020-08-07,7.2,268,88,176,20.0,578.0
220,2020-08-08,7.2,268,88,176,20.0,578.0
221,2020-08-09,7.2,268,88,176,20.0,578.0
222,2020-08-10,7.2,268,88,176,20.0,578.0
223,2020-08-11,7.2,268,88,176,20.0,578.0
224,2020-08-12,7.2,268,88,176,20.0,578.0
225,2020-08-13,7.2,268,88,176,20.0,578.0
226,2020-08-14,7.2,268,88,176,20.0,578.0
227,2020-08-15,7.2,268,88,176,20.0,578.0
228,2020-08-16,7.2,268,88,176,20.0,578.0
229,2020-08-17,7.2,268,88,176,20.0,578.0
230,2020-08-18,7.2,268,88,176,20.0,578.0
231,2020-08-19,7.2,268,88,176,20.0,578.0
232,2020-08-20,7.2,268,88,176,20.0,578.0
233,2020-08-21,7.2,268,88,176,20.0,578.0
234,2020-08-22,7.2,268,88,176,20.0,578.0
235,2020-08-23,7.2,268,88,176,20.0,578.0
236,2020-08-24,7.2,268,88,176,20.0,578.0
237,2020-08-25,7.2,268,88,176,20.0,578.0
238,2020-08-26,7.2,268,88,176,20.0,578.0
239,2020-08-27,7.2,268,88,176,20.0,578.0
240,2020-08-28,7.2,268,88,176,20.0,578.0
241,2020-08-29,7.2,268,88,176,20.0,578.0
242,2020-08-30,7.2,268,88,176,20.0,578.0
243,2020-08-31,7.2,268,88,176,20.0,578.0
244,2020-09-01,7.3,872,292,780,12.8,83.3
245,2020-09-02,7.3,872,292,780,12.8,83.3
246,2020-09-03,7.3,872,292,780,12.8,83.3
247,2020-09-04,7.3,872,292,780,12.8,83.3
248,2020-09-05,7.3,872,292,780,12.8,83.3
249,2020-09-06,7.3,872,292,780,12.8,83.3
250,2020-09-07,7.3,872,292,780,12.8,83.3
251,2020-09-08,7.3,872,292,780,12.8,83.3
252,2020-09-09,7.3,872,292,780,12.8,83.3
253,2020-09-10,7.3,872,292,780,12.8,83.3
254,2020-09-11,7.3,872,292,780,12.8,83.3
255,2020-09-12,7.3,872,292,780,12.8,83.3
256,2020-09-13,7.3,872,292,780,12.8,83.3
257,2020-09-14,7.3,872,292,780,12.8,83.3
258,2020-09-15,7.3,872,292,780,12.8,83.3
259,2020-09-16,7.3,872,292,780,12.8,83.3
260,2020-09-17,7.3,872,292,780,12.8,83.3
261,2020-09-18,7.3,872,292,780,12.8,83.3
262,2020-09-19,7.3,872,292,780,12.8,83.3
263,2020-09-20,7.3,872,292,780,12.8,83.3
264,2020-09-21,7.3,872,292,780,12.8,83.3
265,2020-09-22,7.3,872,292,780,12.8,83.3
266,2020-09-23,7.3,872,292,780,12.8,83.3
267,2020-09-24,7.3,872,292,780,12.8,83.3
268,2020-09-25,7.3,872,292,780,12.8,83.3
269,2020-09-26,7.3,872,292,780,12.8,83.3
270,2020-09-27,7.3,872,292,780,12.8,83.3
271,2020-09-28,7.3,872,292,780,12.8,83.3
272,2020-09-29,7.3,872,292,780,12.8,83.3
273,2020-09-30,7.3,872,292,780,12.8,83.3
274,2020-10-01,7.2,548,140,352,26.0,97.0
275,2020-10-02,7.2,548,140,352,26.0,97.0
276,2020-10-03,7.2,548,140,352,26.0,97.0
277,2020-10-04,7.2,548,140,352,26.0,97.0
278,2020-10-05,7.2,548,140,352,26.0,97.0
279,2020-10-06,7.2,548,140,352,26.0,97.0
280,2020-10-07,7.2,548,140,352,26.0,97.0
281,2020-10-08,7.2,548,140,352,26.0,97.0
282,2020-10-09,7.2,548,140,352,26.0,97.0
283,2020-10-10,7.2,548,140,352,26.0,97.0
284,2020-10-11,7.2,548,140,352,26.0,97.0
285,2020-10-12,7.2,548,140,352,26.0,97.0
286,2020-10-13,7.2,548,140,352,26.0,97.0
287,2020-10-14,7.2,548,140,352,26.0,97.0
288,2020-10-15,7.2,548,140,352,26.0,97.0
289,2020-10-16,7.2,548,140,352,26.0,97.0
290,2020-10-17,7.2,548,140,352,26.0,97.0
291,2020-10-18,7.2,548,140,352,26.0,97.0
292,2020-10-19,7.2,548,140,352,26.0,97.0
293,2020-10-20,7.2,548,140,352,26.0,97.0
294,2020-10-21,7.2,548,140,352,26.0,97.0
295,2020-10-22,7.2,548,140,352,26.0,97.0
296,2020-10-23,7.2,548,140,352,26.0,97.0
297,2020-10-24,7.2,548,140,352,26.0,97.0
298,2020-10-25,7.2,548,140,352,26.0,97.0
299,2020-10-26,7.2,548,140,352,26.0,97.0
300,2020-10-27,7.2,548,140,352,26.0,97.0
301,2020-10-28,7.2,548,140,352,26.0,97.0
302,2020-10-29,7.2,548,140,352,26.0,97.0
303,2020-10-30,7.2,548,140,352,26.0,97.0
304,2020-10-31,7.2,548,140,352,26.0,97.0
305,2020-11-01,7.4,664,220,424,15.6,55.9
306,2020-11-02,7.4,664,220,424,15.6,55.9
307,2020-11-03,7.4,664,220,424,15.6,55.9
308,2020-11-04,7.4,664,220,424,15.6,55.9
309,2020-11-05,7.4,664,220,424,15.6,55.9
310,2020-11-06,7.4,664,220,424,15.6,55.9
311,2020-11-07,7.4,664,220,424,15.6,55.9
312,2020-11-08,7.4,664,220,424,15.6,55.9
313,2020-11-09,7.4,664,220,424,15.6,55.9
314,2020-11-10,7.4,664,220,424,15.6,55.9
315,2020-11-11,7.4,664,220,424,15.6,55.9
316,2020-11-12,7.4,664,220,424,15.6,55.9
317,2020-11-13,7.4,664,220,424,15.6,55.9
318,2020-11-14,7.4,664,220,424,15.6,55.9
319,2020-11-15,7.4,664,220,424,15.6,55.9
320,2020-11-16,7.4,664,220,424,15.6,55.9
321,2020-11-17,7.4,664,220,424,15.6,55.9
322,2020-11-18,7.4,664,220,424,15.6,55.9
323,2020-11-19,7.4,664,220,424,15.6,55.9
324,2020-11-20,7.4,664,220,424,15.6,55.9
325,2020-11-21,7.4,664,220,424,15.6,55.9
326,2020-11-22,7.4,664,220,424,15.6,55.9
327,2020-11-23,7.4,664,220,424,15.6,55.9
328,2020-11-24,7.4,664,220,424,15.6,55.9
329,2020-11-25,7.4,664,220,424,15.6,55.9
330,2020-11-26,7.4,664,220,424,15.6,55.9
331,2020-11-27,7.4,664,220,424,15.6,55.9
332,2020-11-28,7.4,664,220,424,15.6,55.9
333,2020-11-29,7.4,664,220,424,15.6,55.9
334,2020-11-30,7.4,664,220,424,15.6,55.9
335,2020-12-01,6.6,304,76,128,16.0,56.1
336,2020-12-02,6.6,304,76,128,16.0,56.1
337,2020-12-03,6.6,304,76,128,16.0,56.1
338,2020-12-04,6.6,304,76,128,16.0,56.1
339,2020-12-05,6.6,304,76,128,16.0,56.1
340,2020-12-06,6.6,304,76,128,16.0,56.1
341,2020-12-07,6.6,304,76,128,16.0,56.1
342,2020-12-08,6.6,304,76,128,16.0,56.1
343,2020-12-09,6.6,304,76,128,16.0,56.1
344,2020-12-10,6.6,304,76,128,16.0,56.1
345,2020-12-11,6.6,304,76,128,16.0,56.1
346,2020-12-12,6.6,304,76,128,16.0,56.1
347,2020-12-13,6.6,304,76,128,16.0,56.1
348,2020-12-14,6.6,304,76,128,16.0,56.1
349,2020-12-15,6.6,304,76,128,16.0,56.1
350,2020-12-16,6.6,304,76,128,16.0,56.1
351,2020-12-17,6.6,304,76,128,16.0,56.1
352,2020-12-18,6.6,304,76,128,16.0,56.1
353,2020-12-19,6.6,304,76,128,16.0,56.1
354,2020-12-20,6.6,304,76,128,16.0,56.1
355,2020-12-21,6.6,304,76,128,16.0,56.1
356,2020-12-22,6.6,304,76,128,16.0,56.1
357,2020-12-23,6.6,304,76,128,16.0,56.1
358,2020-12-24,6.6,304,76,128,16.0,56.1
359,2020-12-25,6.6,304,76,128,16.0,56.1
360,2020-12-26,6.6,304,76,128,16.0,56.1
361,2020-12-27,6.6,304,76,128,16.0,56.1
362,2020-12-28,6.6,304,76,128,16.0,56.1
363,2020-12-29,6.6,304,76,128,16.0,56.1
364,2020-12-30,6.6,304,76,128,16.0,56.1
365,2020-12-31,6.6,304,76,128,16.0,56.1
366,2021-01-01,7.3,1136,310,724,36.0,54.8
367,2021-01-02,7.3,1136,310,724,36.0,54.8
368,2021-01-03,7.3,1136,310,724,36.0,54.8
369,2021-01-04,7.3,1136,310,724,36.0,54.8
370,2021-01-05,7.3,1136,310,724,36.0,54.8
371,2021-01-06,7.3,1136,310,724,36.0,54.8
372,2021-01-07,7.3,1136,310,724,36.0,54.8
373,2021-01-08,7.3,1136,310,724,36.0,54.8
374,2021-01-09,7.3,1136,310,724,36.0,54.8
375,2021-01-10,7.3,1136,310,724,36.0,54.8
376,2021-01-11,7.3,1136,310,724,36.0,54.8
377,2021-01-12,7.3,1136,310,724,36.0,54.8
378,2021-01-13,7.3,1136,310,724,36.0,54.8
379,2021-01-14,7.3,1136,310,724,36.0,54.8
380,2021-01-15,7.3,1136,310,724,36.0,54.8
381,2021-01-16,7.3,1136,310,724,36.0,54.8
382,2021-01-17,7.3,1136,310,724,36.0,54.8
383,2021-01-18,7.3,1136,310,724,36.0,54.8
384,2021-01-19,7.3,1136,310,724,36.0,54.8
385,2021-01-20,7.3,1136,310,724,36.0,54.8
386,2021-01-21,7.3,1136,310,724,36.0,54.8
387,2021-01-22,7.3,1136,310,724,36.0,54.8
388,2021-01-23,7.3,1136,310,724,36.0,54.8
389,2021-01-24,7.3,1136,310,724,36.0,54.8
390,2021-01-25,7.3,1136,310,724,36.0,54.8
391,2021-01-26,7.3,1136,310,724,36.0,54.8
392,2021-01-27,7.3,1136,310,724,36.0,54.8
393,2021-01-28,7.3,1136,310,724,36.0,54.8
394,2021-01-29,7.3,1136,310,724,36.0,54.8
395,2021-01-30,7.3,1136,310,724,36.0,54.8
396,2021-01-31,7.3,1136,310,724,36.0,54.8
397,2021-02-01,7.4,392,102,168,45.2,45.2
398,2021-02-02,7.4,392,102,168,45.2,45.2
399,2021-02-03,7.4,392,102,168,45.2,45.2
400,2021-02-04,7.4,392,102,168,45.2,45.2
401,2021-02-05,7.4,392,102,168,45.2,45.2
402,2021-02-06,7.4,392,102,168,45.2,45.2
403,2021-02-07,7.4,392,102,168,45.2,45.2
404,2021-02-08,7.4,392,102,168,45.2,45.2
405,2021-02-09,7.4,392,102,168,45.2,45.2
406,2021-02-10,7.4,392,102,168,45.2,45.2
407,2021-02-11,7.4,392,102,168,45.2,45.2
408,2021-02-12,7.4,392,102,168,45.2,45.2
409,2021-02-13,7.4,392,102,168,45.2,45.2
410,2021-02-14,7.4,392,102,168,45.2,45.2
411,2021-02-15,7.4,392,102,168,45.2,45.2
412,2021-02-16,7.4,392,102,168,45.2,45.2
413,2021-02-17,7.4,392,102,168,45.2,45.2
414,2021-02-18,7.4,392,102,168,45.2,45.2
415,2021-02-19,7.4,392,102,168,45.2,45.2
416,2021-02-20,7.4,392,102,168,45.2,45.2
417,2021-02-21,7.4,392,102,168,45.2,45.2
418,2021-02-22,7.4,392,102,168,45.2,45.2
419,2021-02-23,7.4,392,102,168,45.2,45.2
420,2021-02-24,7.4,392,102,168,45.2,45.2
421,2021-02-25,7.4,392,102,168,45.2,45.2
422,2021-02-26,7.4,392,102,168,45.2,45.2
423,2021-02-27,7.4,392,102,168,45.2,45.2
424,2021-02-28,7.4,392,102,168,45.2,45.2
425,2021-03-01,7.4,392,102,168,45.2,45.2
426,2021-03-02,7.4,392,102,168,45.2,45.2
427,2021-03-03,7.4,392,102,168,45.2,45.2
428,2021-03-04,7.4,392,102,168,45.2,45.2
429,2021-03-05,7.4,392,102,168,45.2,45.2
430,2021-03-06,7.4,392,102,168,45.2,45.2
431,2021-03-07,7.4,392,102,168,45.2,45.2
432,2021-03-08,7.4,392,102,168,45.2,45.2
433,2021-03-09,7.4,392,102,168,45.2,45.2
434,2021-03-10,7.4,392,102,168,45.2,45.2
435,2021-03-11,7.4,392,102,168,45.2,45.2
436,2021-03-12,7.4,392,102,168,45.2,45.2
437,2021-03-13,7.4,392,102,168,45.2,45.2
438,2021-03-14,7.4,392,102,168,45.2,45.2
439,2021-03-15,7.4,392,102,168,45.2,45.2
440,2021-03-16,7.4,392,102,168,45.2,45.2
441,2021-03-17,7.4,392,102,168,45.2,45.2
442,2021-03-18,7.4,392,102,168,45.2,45.2
443,2021-03-19,7.4,392,102,168,45.2,45.2
444,2021-03-20,7.4,392,102,168,45.2,45.2
445,2021-03-21,7.4,392,102,168,45.2,45.2
446,2021-03-22,7.4,392,102,168,45.2,45.2
447,2021-03-23,7.4,392,102,168,45.2,45.2
448,2021-03-24,7.4,392,102,168,45.2,45.2
449,2021-03-25,7.4,392,102,168,45.2,45.2
450,2021-03-26,7.4,392,102,168,45.2,45.2
451,2021-03-27,7.4,392,102,168,45.2,45.2
452,2021-03-28,7.4,392,102,168,45.2,45.2
453,2021-03-29,7.4,392,102,168,45.2,45.2
454,2021-03-30,7.4,392,102,168,45.2,45.2
455,2021-03-31,7.4,392,102,168,45.2,45.2
456,2021-04-01,7.4,392,102,168,45.2,45.2
457,2021-04-02,7.4,392,102,168,45.2,45.2
458,2021-04-03,7.4,392,102,168,45.2,45.2
459,2021-04-04,7.4,392,102,168,45.2,45.2
460,2021-04-05,7.4,392,102,168,45.2,45.2
461,2021-04-06,7.4,392,102,168,45.2,45.2
462,2021-04-07,7.4,392,102,168,45.2,45.2
463,2021-04-08,7.4,392,102,168,45.2,45.2
464,2021-04-09,7.4,392,102,168,45.2,45.2
465,2021-04-10,7.4,392,102,168,45.2,45.2
466,2021-04-11,7.4,392,102,168,45.2,45.2
467,2021-04-12,7.4,392,102,168,45.2,45.2
468,2021-04-13,7.4,392,102,168,45.2,45.2
469,2021-04-14,7.4,392,102,168,45.2,45.2
470,2021-04-15,7.4,392,102,168,45.2,45.2
471,2021-04-16,7.4,392,102,168,45.2,45.2
472,2021-04-17,7.4,392,102,168,45.2,45.2
473,2021-04-18,7.4,392,102,168,45.2,45.2
474,2021-04-19,7.4,392,102,168,45.2,45.2
475,2021-04-20,7.4,392,102,168,45.2,45.2
476,2021-04-21,7.4,392,102,168,45.2,45.2
477,2021-04-22,7.4,392,102,168,45.2,45.2
478,2021-04-23,7.4,392,102,168,45.2,45.2
479,2021-04-24,7.4,392,102,168,45.2,45.2
480,2021-04-25,7.4,392,102,168,45.2,45.2
481,2021-04-26,7.4,392,102,168,45.2,45.2
482,2021-04-27,7.4,392,102,168,45.2,45.2
483,2021-04-28,7.4,392,102,168,45.2,45.2
484,2021-04-29,7.4,392,102,168,45.2,45.2
485,2021-04-30,7.4,392,102,168,45.2,45.2
486,2021-05-01,7.35,320,195,1042,38.0,30.0
487,2021-05-02,7.35,320,195,1042,38.0,30.0
488,2021-05-03,7.35,320,195,1042,38.0,30.0
489,2021-05-04,7.35,320,195,1042,38.0,30.0
490,2021-05-05,7.35,320,195,1042,38.0,30.0
491,2021-05-06,7.35,320,195,1042,38.0,30.0
492,2021-05-07,7.35,320,195,1042,38.0,30.0
493,2021-05-08,7.35,320,195,1042,38.0,30.0
494,2021-05-09,7.35,320,195,1042,38.0,30.0
495,2021-05-10,7.35,320,195,1042,38.0,30.0
496,2021-05-11,7.35,320,195,1042,38.0,30.0
497,2021-05-12,7.35,320,195,1042,38.0,30.0
498,2021-05-13,7.35,320,195,1042,38.0,30.0
499,2021-05-14,7.35,320,195,1042,38.0,30.0
500,2021-05-15,7.35,320,195,1042,38.0,30.0
501,2021-05-16,7.35,320,195,1042,38.0,30.0
502,2021-05-17,7.35,320,195,1042,38.0,30.0
503,2021-05-18,7.35,320,195,1042,38.0,30.0
504,2021-05-19,7.35,320,195,1042,38.0,30.0
505,2021-05-20,7.35,320,195,1042,38.0,30.0
506,2021-05-21,7.35,320,195,1042,38.0,30.0
507,2021-05-22,7.35,320,195,1042,38.0,30.0
508,2021-05-23,7.35,320,195,1042,38.0,30.0
509,2021-05-24,7.35,320,195,1042,38.0,30.0
510,2021-05-25,7.35,320,195,1042,38.0,30.0
511,2021-05-26,7.35,320,195,1042,38.0,30.0
512,2021-05-27,7.35,320,195,1042,38.0,30.0
513,2021-05-28,7.35,320,195,1042,38.0,30.0
514,2021-05-29,7.35,320,195,1042,38.0,30.0
515,2021-05-30,7.35,320,195,1042,38.0,30.0
516,2021-05-31,7.35,320,195,1042,38.0,30.0
517,2021-06-01,7.35,320,195,1042,38.0,30.0
518,2021-06-02,7.35,320,195,1042,38.0,30.0
519,2021-06-03,7.35,320,195,1042,38.0,30.0
520,2021-06-04,7.35,320,195,1042,38.0,30.0
521,2021-06-05,7.35,320,195,1042,38.0,30.0
522,2021-06-06,7.35,320,195,1042,38.0,30.0
523,2021-06-07,7.35,320,195,1042,38.0,30.0
524,2021-06-08,7.35,320,195,1042,38.0,30.0
525,2021-06-09,7.35,320,195,1042,38.0,30.0
526,2021-06-10,7.35,320,195,1042,38.0,30.0
527,2021-06-11,7.35,320,195,1042,38.0,30.0
528,2021-06-12,7.35,320,195,1042,38.0,30.0
529,2021-06-13,7.35,320,195,1042,38.0,30.0
530,2021-06-14,7.35,320,195,1042,38.0,30.0
531,2021-06-15,7.35,320,195,1042,38.0,30.0
532,2021-06-16,7.35,320,195,1042,38.0,30.0
533,2021-06-17,7.35,320,195,1042,38.0,30.0
534,2021-06-18,7.35,320,195,1042,38.0,30.0
535,2021-06-19,7.35,320,195,1042,38.0,30.0
536,2021-06-20,7.35,320,195,1042,38.0,30.0
537,2021-06-21,7.35,320,195,1042,38.0,30.0
538,2021-06-22,7.35,320,195,1042,38.0,30.0
539,2021-06-23,7.35,320,195,1042,38.0,30.0
540,2021-06-24,7.35,320,195,1042,38.0,30.0
541,2021-06-25,7.35,320,195,1042,38.0,30.0
542,2021-06-26,7.35,320,195,1042,38.0,30.0
543,2021-06-27,7.35,320,195,1042,38.0,30.0
544,2021-06-28,7.35,320,195,1042,38.0,30.0
545,2021-06-29,7.35,320,195,1042,38.0,30.0
546,2021-06-30,7.35,320,195,1042,38.0,30.0
547,2021-07-01,7.59,112,80,1308,16.4,53.9
548,2021-07-02,7.59,112,80,1308,16.4,53.9
549,2021-07-03,7.59,112,80,1308,16.4,53.9
550,2021-07-04,7.59,112,80,1308,16.4,53.9
551,2021-07-05,7.59,112,80,1308,16.4,53.9
552,2021-07-06,7.59,112,80,1308,16.4,53.9
553,2021-07-07,7.59,112,80,1308,16.4,53.9
554,2021-07-08,7.59,112,80,1308,16.4,53.9
555,2021-07-09,7.59,112,80,1308,16.4,53.9
556,2021-07-10,7.59,112,80,1308,16.4,53.9
557,2021-07-11,7.59,112,80,1308,16.4,53.9
558,2021-07-12,7.59,112,80,1308,16.4,53.9
559,2021-07-13,7.59,112,80,1308,16.4,53.9
560,2021-07-14,7.59,112,80,1308,16.4,53.9
561,2021-07-15,7.59,112,80,1308,16.4,53.9
562,2021-07-16,7.59,112,80,1308,16.4,53.9
563,2021-07-17,7.59,112,80,1308,16.4,53.9
564,2021-07-18,7.59,112,80,1308,16.4,53.9
565,2021-07-19,7.59,112,80,1308,16.4,53.9
566,2021-07-20,7.59,112,80,1308,16.4,53.9
567,2021-07-21,7.59,112,80,1308,16.4,53.9
568,2021-07-22,7.59,112,80,1308,16.4,53.9
569,2021-07-23,7.59,112,80,1308,16.4,53.9
570,2021-07-24,7.59,112,80,1308,16.4,53.9
571,2021-07-25,7.59,112,80,1308,16.4,53.9
572,2021-07-26,7.59,112,80,1308,16.4,53.9
573,2021-07-27,7.59,112,80,1308,16.4,53.9
574,2021-07-28,7.59,112,80,1308,16.4,53.9
575,2021-07-29,7.59,112,80,1308,16.4,53.9
576,2021-07-30,7.59,112,80,1308,16.4,53.9
577,2021-07-31,7.59,112,80,1308,16.4,53.9
578,2021-08-01,7.75,314,100,772,16.4,50.94
579,2021-08-02,7.75,314,100,772,16.4,50.94
580,2021-08-03,7.75,314,100,772,16.4,50.94
581,2021-08-04,7.75,314,100,772,16.4,50.94
582,2021-08-05,7.75,314,100,772,16.4,50.94
583,2021-08-06,7.75,314,100,772,16.4,50.94
584,2021-08-07,7.75,314,100,772,16.4,50.94
585,2021-08-08,7.75,314,100,772,16.4,50.94
586,2021-08-09,7.75,314,100,772,16.4,50.94
587,2021-08-10,7.75,314,100,772,16.4,50.94
588,2021-08-11,7.75,314,100,772,16.4,50.94
589,2021-08-12,7.75,314,100,772,16.4,50.94
590,2021-08-13,7.75,314,100,772,16.4,50.94
591,2021-08-14,7.75,314,100,772,16.4,50.94
592,2021-08-15,7.75,314,100,772,16.4,50.94
593,2021-08-16,7.75,314,100,772,16.4,50.94
594,2021-08-17,7.75,314,100,772,16.4,50.94
595,2021-08-18,7.75,314,100,772,16.4,50.94
596,2021-08-19,7.75,314,100,772,16.4,50.94
597,2021-08-20,7.75,314,100,772,16.4,50.94
598,2021-08-21,7.75,314,100,772,16.4,50.94
599,2021-08-22,7.75,314,100,772,16.4,50.94
600,2021-08-23,7.75,314,100,772,16.4,50.94
601,2021-08-24,7.75,314,100,772,16.4,50.94
602,2021-08-25,7.75,314,100,772,16.4,50.94
603,2021-08-26,7.75,314,100,772,16.4,50.94
604,2021-08-27,7.75,314,100,772,16.4,50.94
605,2021-08-28,7.75,314,100,772,16.4,50.94
606,2021-08-29,7.75,314,100,772,16.4,50.94
607,2021-08-30,7.75,314,100,772,16.4,50.94
608,2021-08-31,7.75,314,100,772,16.4,50.94
609,2021-09-01,7.31,312,196,644,14.4,25.0
610,2021-09-02,7.31,312,196,644,14.4,25.0
611,2021-09-03,7.31,312,196,644,14.4,25.0
612,2021-09-04,7.31,312,196,644,14.4,25.0
613,2021-09-05,7.31,312,196,644,14.4,25.0
614,2021-09-06,7.31,312,196,644,14.4,25.0
615,2021-09-07,7.31,312,196,644,14.4,25.0
616,2021-09-08,7.31,312,196,644,14.4,25.0
617,2021-09-09,7.31,312,196,644,14.4,25.0
618,2021-09-10,7.31,312,196,644,14.4,25.0
619,2021-09-11,7.31,312,196,644,14.4,25.0
620,2021-09-12,7.31,312,196,644,14.4,25.0
621,2021-09-13,7.31,312,196,644,14.4,25.0
622,2021-09-14,7.31,312,196,644,14.4,25.0
623,2021-09-15,7.31,312,196,644,14.4,25.0
624,2021-09-16,7.31,312,196,644,14.4,25.0
625,2021-09-17,7.31,312,196,644,14.4,25.0
626,2021-09-18,7.31,312,196,644,14.4,25.0
627,2021-09-19,7.31,312,196,644,14.4,25.0
628,2021-09-20,7.31,312,196,644,14.4,25.0
629,2021-09-21,7.31,312,196,644,14.4,25.0
630,2021-09-22,7.31,312,196,644,14.4,25.0
631,2021-09-23,7.31,312,196,644,14.4,25.0
632,2021-09-24,7.31,312,196,644,14.4,25.0
633,2021-09-25,7.31,312,196,644,14.4,25.0
634,2021-09-26,7.31,312,196,644,14.4,25.0
635,2021-09-27,7.31,312,196,644,14.4,25.0
636,2021-09-28,7.31,312,196,644,14.4,25.0
637,2021-09-29,7.31,312,196,644,14.4,25.0
638,2021-09-30,7.31,312,196,644,14.4,25.0
639,2021-10-01,6.6,688,160,508,18.4,32.4
640,2021-10-02,6.6,688,160,508,18.4,32.4
641,2021-10-03,6.6,688,160,508,18.4,32.4
642,2021-10-04,6.6,688,160,508,18.4,32.4
643,2021-10-05,6.6,688,160,508,18.4,32.4
644,2021-10-06,6.6,688,160,508,18.4,32.4
645,2021-10-07,6.6,688,160,508,18.4,32.4
646,2021-10-08,6.6,688,160,508,18.4,32.4
647,2021-10-09,6.6,688,160,508,18.4,32.4
648,2021-10-10,6.6,688,160,508,18.4,32.4
649,2021-10-11,6.6,688,160,508,18.4,32.4
650,2021-10-12,6.6,688,160,508,18.4,32.4
651,2021-10-13,6.6,688,160,508,18.4,32.4
652,2021-10-14,6.6,688,160,508,18.4,32.4
653,2021-10-15,6.6,688,160,508,18.4,32.4
654,2021-10-16,6.6,688,160,508,18.4,32.4
655,2021-10-17,6.6,688,160,508,18.4,32.4
656,2021-10-18,6.6,688,160,508,18.4,32.4
657,2021-10-19,6.6,688,160,508,18.4,32.4
658,2021-10-20,6.6,688,160,508,18.4,32.4
659,2021-10-21,6.6,688,160,508,18.4,32.4
660,2021-10-22,6.6,688,160,508,18.4,32.4
661,2021-10-23,6.6,688,160,508,18.4,32.4
662,2021-10-24,6.6,688,160,508,18.4,32.4
663,2021-10-25,6.6,688,160,508,18.4,32.4
664,2021-10-26,6.6,688,160,508,18.4,32.4
665,2021-10-27,6.6,688,160,508,18.4,32.4
666,2021-10-28,6.6,688,160,508,18.4,32.4
667,2021-10-29,6.6,688,160,508,18.4,32.4
668,2021-10-30,6.6,688,160,508,18.4,32.4
669,2021-10-31,6.6,688,160,508,18.4,32.4
670,2021-11-01,6.6,688,160,508,18.4,32.4
671,2021-11-02,6.6,688,160,508,18.4,32.4
672,2021-11-03,6.6,688,160,508,18.4,32.4
673,2021-11-04,6.6,688,160,508,18.4,32.4
674,2021-11-05,6.6,688,160,508,18.4,32.4
675,2021-11-06,6.6,688,160,508,18.4,32.4
676,2021-11-07,6.6,688,160,508,18.4,32.4
677,2021-11-08,6.6,688,160,508,18.4,32.4
678,2021-11-09,6.6,688,160,508,18.4,32.4
679,2021-11-10,6.6,688,160,508,18.4,32.4
680,2021-11-11,6.6,688,160,508,18.4,32.4
681,2021-11-12,6.6,688,160,508,18.4,32.4
682,2021-11-13,6.6,688,160,508,18.4,32.4
683,2021-11-14,6.6,688,160,508,18.4,32.4
684,2021-11-15,6.6,688,160,508,18.4,32.4
685,2021-11-16,6.6,688,160,508,18.4,32.4
686,2021-11-17,6.6,688,160,508,18.4,32.4
687,2021-11-18,6.6,688,160,508,18.4,32.4
688,2021-11-19,6.6,688,160,508,18.4,32.4
689,2021-11-20,6.6,688,160,508,18.4,32.4
690,2021-11-21,6.6,688,160,508,18.4,32.4
691,2021-11-22,6.6,688,160,508,18.4,32.4
692,2021-11-23,6.6,688,160,508,18.4,32.4
693,2021-11-24,6.6,688,160,508,18.4,32.4
694,2021-11-25,6.6,688,160,508,18.4,32.4
695,2021-11-26,6.6,688,160,508,18.4,32.4
696,2021-11-27,6.6,688,160,508,18.4,32.4
697,2021-11-28,6.6,688,160,508,18.4,32.4
698,2021-11-29,6.6,688,160,508,18.4,32.4
699,2021-11-30,6.6,688,160,508,18.4,32.4
700,2021-12-01,7.7,636,220,508,14.8,58.6
701,2021-12-02,7.7,636,220,508,14.8,58.6
702,2021-12-03,7.7,636,220,508,14.8,58.6
703,2021-12-04,7.7,636,220,508,14.8,58.6
704,2021-12-05,7.7,636,220,508,14.8,58.6
705,2021-12-06,7.7,636,220,508,14.8,58.6
706,2021-12-07,7.7,636,220,508,14.8,58.6
707,2021-12-08,7.7,636,220,508,14.8,58.6
708,2021-12-09,7.7,636,220,508,14.8,58.6
709,2021-12-10,7.7,636,220,508,14.8,58.6
710,2021-12-11,7.7,636,220,508,14.8,58.6
711,2021-12-12,7.7,636,220,508,14.8,58.6
712,2021-12-13,7.7,636,220,508,14.8,58.6
713,2021-12-14,7.7,636,220,508,14.8,58.6
714,2021-12-15,7.7,636,220,508,14.8,58.6
715,2021-12-16,7.7,636,220,508,14.8,58.6
716,2021-12-17,7.7,636,220,508,14.8,58.6
717,2021-12-18,7.7,636,220,508,14.8,58.6
718,2021-12-19,7.7,636,220,508,14.8,58.6
719,2021-12-20,7.7,636,220,508,14.8,58.6
720,2021-12-21,7.7,636,220,508,14.8,58.6
721,2021-12-22,7.7,636,220,508,14.8,58.6
722,2021-12-23,7.7,636,220,508,14.8,58.6
723,2021-12-24,7.7,636,220,508,14.8,58.6
724,2021-12-25,7.7,636,220,508,14.8,58.6
725,2021-12-26,7.7,636,220,508,14.8,58.6
726,2021-12-27,7.7,636,220,508,14.8,58.6
727,2021-12-28,7.7,636,220,508,14.8,58.6
728,2021-12-29,7.7,636,220,508,14.8,58.6
729,2021-12-30,7.7,636,220,508,14.8,58.6
730,2021-12-31,7.7,636,220,508,14.8,58.6
731,2022-01-01,7.7,636,220,508,14.8,58.6
732,2022-01-02,7.7,636,220,508,14.8,58.6
733,2022-01-03,7.7,636,220,508,14.8,58.6
734,2022-01-04,7.7,636,220,508,14.8,58.6
735,2022-01-05,7.7,636,220,508,14.8,58.6
736,2022-01-06,7.7,636,220,508,14.8,58.6
737,2022-01-07,7.7,636,220,508,14.8,58.6
738,2022-01-08,7.7,636,220,508,14.8,58.6
739,2022-01-09,7.7,636,220,508,14.8,58.6
740,2022-01-10,7.7,636,220,508,14.8,58.6
741,2022-01-11,7.7,636,220,508,14.8,58.6
742,2022-01-12,7.7,636,220,508,14.8,58.6
743,2022-01-13,7.7,636,220,508,14.8,58.6
744,2022-01-14,7.7,636,220,508,14.8,58.6
745,2022-01-15,7.7,636,220,508,14.8,58.6
746,2022-01-16,7.7,636,220,508,14.8,58.6
747,2022-01-17,7.7,636,220,508,14.8,58.6
748,2022-01-18,7.7,636,220,508,14.8,58.6
749,2022-01-19,7.7,636,220,508,14.8,58.6
750,2022-01-20,7.7,636,220,508,14.8,58.6
751,2022-01-21,7.7,636,220,508,14.8,58.6
752,2022-01-22,7.7,636,220,508,14.8,58.6
753,2022-01-23,7.7,636,220,508,14.8,58.6
754,2022-01-24,7.7,636,220,508,14.8,58.6
755,2022-01-25,7.7,636,220,508,14.8,58.6
756,2022-01-26,7.7,636,220,508,14.8,58.6
757,2022-01-27,7.7,636,220,508,14.8,58.6
758,2022-01-28,7.7,636,220,508,14.8,58.6
759,2022-01-29,7.7,636,220,508,14.8,58.6
760,2022-01-30,7.7,636,220,508,14.8,58.6
761,2022-01-31,7.7,636,220,508,14.8,58.6
762,2022-02-01,7.2,642,222,502,36.8,58.0
763,2022-02-02,7.2,642,222,502,36.8,58.0
764,2022-02-03,7.2,642,222,502,36.8,58.0
765,2022-02-04,7.2,642,222,502,36.8,58.0
766,2022-02-05,7.2,642,222,502,36.8,58.0
767,2022-02-06,7.2,642,222,502,36.8,58.0
768,2022-02-07,7.2,642,222,502,36.8,58.0
769,2022-02-08,7.2,642,222,502,36.8,58.0
770,2022-02-09,7.2,642,222,502,36.8,58.0
771,2022-02-10,7.2,642,222,502,36.8,58.0
772,2022-02-11,7.2,642,222,502,36.8,58.0
773,2022-02-12,7.2,642,222,502,36.8,58.0
774,2022-02-13,7.2,642,222,502,36.8,58.0
775,2022-02-14,7.2,642,222,502,36.8,58.0
776,2022-02-15,7.2,642,222,502,36.8,58.0
777,2022-02-16,7.2,642,222,502,36.8,58.0
778,2022-02-17,7.2,642,222,502,36.8,58.0
779,2022-02-18,7.2,642,222,502,36.8,58.0
780,2022-02-19,7.2,642,222,502,36.8,58.0
781,2022-02-20,7.2,642,222,502,36.8,58.0
782,2022-02-21,7.2,642,222,502,36.8,58.0
783,2022-02-22,7.2,642,222,502,36.8,58.0
784,2022-02-23,7.2,642,222,502,36.8,58.0
785,2022-02-24,7.2,642,222,502,36.8,58.0
786,2022-02-25,7.2,642,222,502,36.8,58.0
787,2022-02-26,7.2,642,222,502,36.8,58.0
788,2022-02-27,7.2,642,222,502,36.8,58.0
789,2022-02-28,7.2,642,222,502,36.8,58.0
790,2022-03-01,7.2,642,222,502,36.8,58.0
791,2022-03-02,7.2,642,222,502,36.8,58.0
792,2022-03-03,7.2,642,222,502,36.8,58.0
793,2022-03-04,7.2,642,222,502,36.8,58.0
794,2022-03-05,7.2,642,222,502,36.8,58.0
795,2022-03-06,7.2,642,222,502,36.8,58.0
796,2022-03-07,7.2,642,222,502,36.8,58.0
797,2022-03-08,7.2,642,222,502,36.8,58.0
798,2022-03-09,7.2,642,222,502,36.8,58.0
799,2022-03-10,7.2,642,222,502,36.8,58.0
800,2022-03-11,7.2,642,222,502,36.8,58.0
801,2022-03-12,7.2,642,222,502,36.8,58.0
802,2022-03-13,7.2,642,222,502,36.8,58.0
803,2022-03-14,7.2,642,222,502,36.8,58.0
804,2022-03-15,7.2,642,222,502,36.8,58.0
805,2022-03-16,7.2,642,222,502,36.8,58.0
806,2022-03-17,7.2,642,222,502,36.8,58.0
807,2022-03-18,7.2,642,222,502,36.8,58.0
808,2022-03-19,7.2,642,222,502,36.8,58.0
809,2022-03-20,7.2,642,222,502,36.8,58.0
810,2022-03-21,7.2,642,222,502,36.8,58.0
811,2022-03-22,7.2,642,222,502,36.8,58.0
812,2022-03-23,7.2,642,222,502,36.8,58.0
813,2022-03-24,7.2,642,222,502,36.8,58.0
814,2022-03-25,7.2,642,222,502,36.8,58.0
815,2022-03-26,7.2,642,222,502,36.8,58.0
816,2022-03-27,7.2,642,222,502,36.8,58.0
817,2022-03-28,7.2,642,222,502,36.8,58.0
818,2022-03-29,7.2,642,222,502,36.8,58.0
819,2022-03-30,7.2,642,222,502,36.8,58.0
820,2022-03-31,7.2,642,222,502,36.8,58.0
821,2022-04-01,7.3,580,216,540,40.8,60.0
822,2022-04-02,7.3,580,216,540,40.8,60.0
823,2022-04-03,7.3,580,216,540,40.8,60.0
824,2022-04-04,7.3,580,216,540,40.8,60.0
825,2022-04-05,7.3,580,216,540,40.8,60.0
826,2022-04-06,7.3,580,216,540,40.8,60.0
827,2022-04-07,7.3,580,216,540,40.8,60.0
828,2022-04-08,7.3,580,216,540,40.8,60.0
829,2022-04-09,7.3,580,216,540,40.8,60.0
830,2022-04-10,7.3,580,216,540,40.8,60.0
831,2022-04-11,7.3,580,216,540,40.8,60.0
832,2022-04-12,7.3,580,216,540,40.8,60.0
833,2022-04-13,7.3,580,216,540,40.8,60.0
834,2022-04-14,7.3,580,216,540,40.8,60.0
835,2022-04-15,7.3,580,216,540,40.8,60.0
836,2022-04-16,7.3,580,216,540,40.8,60.0
837,2022-04-17,7.3,580,216,540,40.8,60.0
838,2022-04-18,7.3,580,216,540,40.8,60.0
839,2022-04-19,7.3,580,216,540,40.8,60.0
840,2022-04-20,7.3,580,216,540,40.8,60.0
841,2022-04-21,7.3,580,216,540,40.8,60.0
842,2022-04-22,7.3,580,216,540,40.8,60.0
843,2022-04-23,7.3,580,216,540,40.8,60.0
844,2022-04-24,7.3,580,216,540,40.8,60.0
845,2022-04-25,7.3,580,216,540,40.8,60.0
846,2022-04-26,7.3,580,216,540,40.8,60.0
847,2022-04-27,7.3,580,216,540,40.8,60.0
848,2022-04-28,7.3,580,216,540,40.8,60.0
849,2022-04-29,7.3,580,216,540,40.8,60.0
850,2022-04-30,7.3,580,216,540,40.8,60.0
851,2022-05-01,7.4,624,232,512,39.6,62.0
852,2022-05-02,7.4,624,232,512,39.6,62.0
853,2022-05-03,7.4,624,232,512,39.6,62.0
854,2022-05-04,7.4,624,232,512,39.6,62.0
855,2022-05-05,7.4,624,232,512,39.6,62.0
856,2022-05-06,7.4,624,232,512,39.6,62.0
857,2022-05-07,7.4,624,232,512,39.6,62.0
858,2022-05-08,7.4,624,232,512,39.6,62.0
859,2022-05-09,7.4,624,232,512,39.6,62.0
860,2022-05-10,7.4,624,232,512,39.6,62.0
861,2022-05-11,7.4,624,232,512,39.6,62.0
862,2022-05-12,7.4,624,232,512,39.6,62.0
863,2022-05-13,7.4,624,232,512,39.6,62.0
864,2022-05-14,7.4,624,232,512,39.6,62.0
865,2022-05-15,7.4,624,232,512,39.6,62.0
866,2022-05-16,7.4,624,232,512,39.6,62.0
867,2022-05-17,7.4,624,232,512,39.6,62.0
868,2022-05-18,7.4,624,232,512,39.6,62.0
869,2022-05-19,7.4,624,232,512,39.6,62.0
870,2022-05-20,7.4,624,232,512,39.6,62.0
871,2022-05-21,7.4,624,232,512,39.6,62.0
872,2022-05-22,7.4,624,232,512,39.6,62.0
873,2022-05-23,7.4,624,232,512,39.6,62.0
874,2022-05-24,7.4,624,232,512,39.6,62.0
875,2022-05-25,7.4,624,232,512,39.6,62.0
876,2022-05-26,7.4,624,232,512,39.6,62.0
877,2022-05-27,7.4,624,232,512,39.6,62.0
878,2022-05-28,7.4,624,232,512,39.6,62.0
879,2022-05-29,7.4,624,232,512,39.6,62.0
880,2022-05-30,7.4,624,232,512,39.6,62.0
881,2022-05-31,7.4,624,232,512,39.6,62.0
882,2022-06-01,7.2,608,240,524,38.4,64.0
883,2022-06-02,7.2,608,240,524,38.4,64.0
884,2022-06-03,7.2,608,240,524,38.4,64.0
885,2022-06-04,7.2,608,240,524,38.4,64.0
886,2022-06-05,7.2,608,240,524,38.4,64.0
887,2022-06-06,7.2,608,240,524,38.4,64.0
888,2022-06-07,7.2,608,240,524,38.4,64.0
889,2022-06-08,7.2,608,240,524,38.4,64.0
890,2022-06-09,7.2,608,240,524,38.4,64.0
891,2022-06-10,7.2,608,240,524,38.4,64.0
892,2022-06-11,7.2,608,240,524,38.4,64.0
893,2022-06-12,7.2,608,240,524,38.4,64.0
894,2022-06-13,7.2,608,240,524,38.4,64.0
895,2022-06-14,7.2,608,240,524,38.4,64.0
896,2022-06-15,7.2,608,240,524,38.4,64.0
897,2022-06-16,7.2,608,240,524,38.4,64.0
898,2022-06-17,7.2,608,240,524,38.4,64.0
899,2022-06-18,7.2,608,240,524,38.4,64.0
900,2022-06-19,7.2,608,240,524,38.4,64.0
901,2022-06-20,7.2,608,240,524,38.4,64.0
902,2022-06-21,7.2,608,240,524,38.4,64.0
903,2022-06-22,7.2,608,240,524,38.4,64.0
904,2022-06-23,7.2,608,240,524,38.4,64.0
905,2022-06-24,7.2,608,240,524,38.4,64.0
906,2022-06-25,7.2,608,240,524,38.4,64.0
907,2022-06-26,7.2,608,240,524,38.4,64.0
908,2022-06-27,7.2,608,240,524,38.4,64.0
909,2022-06-28,7.2,608,240,524,38.4,64.0
910,2022-06-29,7.2,608,240,524,38.4,64.0
911,2022-06-30,7.2,608,240,524,38.4,64.0
912,2022-07-01,7.3,600,230,536,44.4,68.0
913,2022-07-02,7.3,600,230,536,44.4,68.0
914,2022-07-03,7.3,600,230,536,44.4,68.0
915,2022-07-04,7.3,600,230,536,44.4,68.0
916,2022-07-05,7.3,600,230,536,44.4,68.0
917,2022-07-06,7.3,600,230,536,44.4,68.0
918,2022-07-07,7.3,600,230,536,44.4,68.0
919,2022-07-08,7.3,600,230,536,44.4,68.0
920,2022-07-09,7.3,600,230,536,44.4,68.0
921,2022-07-10,7.3,600,230,536,44.4,68.0
922,2022-07-11,7.3,600,230,536,44.4,68.0
923,2022-07-12,7.3,600,230,536,44.4,68.0
924,2022-07-13,7.3,600,230,536,44.4,68.0
925,2022-07-14,7.3,600,230,536,44.4,68.0
926,2022-07-15,7.3,600,230,536,44.4,68.0
927,2022-07-16,7.3,600,230,536,44.4,68.0
928,2022-07-17,7.3,600,230,536,44.4,68.0
929,2022-07-18,7.3,600,230,536,44.4,68.0
930,2022-07-19,7.3,600,230,536,44.4,68.0
931,2022-07-20,7.3,600,230,536,44.4,68.0
932,2022-07-21,7.3,600,230,536,44.4,68.0
933,2022-07-22,7.3,600,230,536,44.4,68.0
934,2022-07-23,7.3,600,230,536,44.4,68.0
935,2022-07-24,7.3,600,230,536,44.4,68.0
936,2022-07-25,7.3,600,230,536,44.4,68.0
937,2022-07-26,7.3,600,230,536,44.4,68.0
938,2022-07-27,7.3,600,230,536,44.4,68.0
939,2022-07-28,7.3,600,230,536,44.4,68.0
940,2022-07-29,7.3,600,230,536,44.4,68.0
941,2022-07-30,7.3,600,230,536,44.4,68.0
942,2022-07-31,7.3,600,230,536,44.4,68.0
943,2022-08-01,7.5,644,248,540,36.0,62.6
944,2022-08-02,7.5,644,248,540,36.0,62.6
945,2022-08-03,7.5,644,248,540,36.0,62.6
946,2022-08-04,7.5,644,248,540,36.0,62.6
947,2022-08-05,7.5,644,248,540,36.0,62.6
948,2022-08-06,7.5,644,248,540,36.0,62.6
949,2022-08-07,7.5,644,248,540,36.0,62.6
950,2022-08-08,7.5,644,248,540,36.0,62.6
951,2022-08-09,7.5,644,248,540,36.0,62.6
952,2022-08-10,7.5,644,248,540,36.0,62.6
953,2022-08-11,7.5,644,248,540,36.0,62.6
954,2022-08-12,7.5,644,248,540,36.0,62.6
955,2022-08-13,7.5,644,248,540,36.0,62.6
956,2022-08-14,7.5,644,248,540,36.0,62.6
957,2022-08-15,7.5,644,248,540,36.0,62.6
958,2022-08-16,7.5,644,248,540,36.0,62.6
959,2022-08-17,7.5,644,248,540,36.0,62.6
960,2022-08-18,7.5,644,248,540,36.0,62.6
961,2022-08-19,7.5,644,248,540,36.0,62.6
962,2022-08-20,7.5,644,248,540,36.0,62.6
963,2022-08-21,7.5,644,248,540,36.0,62.6
964,2022-08-22,7.5,644,248,540,36.0,62.6
965,2022-08-23,7.5,644,248,540,36.0,62.6
966,2022-08-24,7.5,644,248,540,36.0,62.6
967,2022-08-25,7.5,644,248,540,36.0,62.6
968,2022-08-26,7.5,644,248,540,36.0,62.6
969,2022-08-27,7.5,644,248,540,36.0,62.6
970,2022-08-28,7.5,644,248,540,36.0,62.6
971,2022-08-29,7.5,644,248,540,36.0,62.6
972,2022-08-30,7.5,644,248,540,36.0,62.6
973,2022-08-31,7.5,644,248,540,36.0,62.6
974,2022-09-01,7.6,384,124,438,9.6,26.3
975,2022-09-02,7.6,384,124,438,9.6,26.3
976,2022-09-03,7.6,384,124,438,9.6,26.3
977,2022-09-04,7.6,384,124,438,9.6,26.3
978,2022-09-05,7.6,384,124,438,9.6,26.3
979,2022-09-06,7.6,384,124,438,9.6,26.3
980,2022-09-07,7.6,384,124,438,9.6,26.3
981,2022-09-08,7.6,384,124,438,9.6,26.3
982,2022-09-09,7.6,384,124,438,9.6,26.3
983,2022-09-10,7.6,384,124,438,9.6,26.3
984,2022-09-11,7.6,384,124,438,9.6,26.3
985,2022-09-12,7.6,384,124,438,9.6,26.3
986,2022-09-13,7.6,384,124,438,9.6,26.3
987,2022-09-14,7.6,384,124,438,9.6,26.3
988,2022-09-15,7.6,384,124,438,9.6,26.3
989,2022-09-16,7.6,384,124,438,9.6,26.3
990,2022-09-17,7.6,384,124,438,9.6,26.3
991,2022-09-18,7.6,384,124,438,9.6,26.3
992,2022-09-19,7.6,384,124,438,9.6,26.3
993,2022-09-20,7.6,384,124,438,9.6,26.3
994,2022-09-21,7.6,384,124,438,9.6,26.3
995,2022-09-22,7.6,384,124,438,9.6,26.3
996,2022-09-23,7.6,384,124,438,9.6,26.3
997,2022-09-24,7.6,384,124,438,9.6,26.3
998,2022-09-25,7.6,384,124,438,9.6,26.3
999,2022-09-26,7.6,384,124,438,9.6,26.3
1000,2022-09-27,7.6,384,124,438,9.6,26.3
1001,2022-09-28,7.6,384,124,438,9.6,26.3
1002,2022-09-29,7.6,384,124,438,9.6,26.3
1003,2022-09-30,7.6,384,124,438,9.6,26.3
1004,2022-10-01,7.23,652,280,548,37.2,62.7
1005,2022-10-02,7.23,652,280,548,37.2,62.7
1006,2022-10-03,7.23,652,280,548,37.2,62.7
1007,2022-10-04,7.23,652,280,548,37.2,62.7
1008,2022-10-05,7.23,652,280,548,37.2,62.7
1009,2022-10-06,7.23,652,280,548,37.2,62.7
1010,2022-10-07,7.23,652,280,548,37.2,62.7
1011,2022-10-08,7.23,652,280,548,37.2,62.7
1012,2022-10-09,7.23,652,280,548,37.2,62.7
1013,2022-10-10,7.23,652,280,548,37.2,62.7
1014,2022-10-11,7.23,652,280,548,37.2,62.7
1015,2022-10-12,7.23,652,280,548,37.2,62.7
1016,2022-10-13,7.23,652,280,548,37.2,62.7
1017,2022-10-14,7.23,652,280,548,37.2,62.7
1018,2022-10-15,7.23,652,280,548,37.2,62.7
1019,2022-10-16,7.23,652,280,548,37.2,62.7
1020,2022-10-17,7.23,652,280,548,37.2,62.7
1021,2022-10-18,7.23,652,280,548,37.2,62.7
1022,2022-10-19,7.23,652,280,548,37.2,62.7
1023,2022-10-20,7.23,652,280,548,37.2,62.7
1024,2022-10-21,7.23,652,280,548,37.2,62.7
1025,2022-10-22,7.23,652,280,548,37.2,62.7
1026,2022-10-23,7.23,652,280,548,37.2,62.7
1027,2022-10-24,7.23,652,280,548,37.2,62.7
1028,2022-10-25,7.23,652,280,548,37.2,62.7
1029,2022-10-26,7.23,652,280,548,37.2,62.7
1030,2022-10-27,7.23,652,280,548,37.2,62.7
1031,2022-10-28,7.23,652,280,548,37.2,62.7
1032,2022-10-29,7.23,652,280,548,37.2,62.7
1033,2022-10-30,7.23,652,280,548,37.2,62.7
1034,2022-10-31,7.23,652,280,548,37.2,62.7
1035,2022-11-01,7.1,668,268,564,36.8,64.5
1036,2022-11-02,7.1,668,268,564,36.8,64.5
1037,2022-11-03,7.1,668,268,564,36.8,64.5
1038,2022-11-04,7.1,668,268,564,36.8,64.5
1039,2022-11-05,7.1,668,268,564,36.8,64.5
1040,2022-11-06,7.1,668,268,564,36.8,64.5
1041,2022-11-07,7.1,668,268,564,36.8,64.5
1042,2022-11-08,7.1,668,268,564,36.8,64.5
1043,2022-11-09,7.1,668,268,564,36.8,64.5
1044,2022-11-10,7.1,668,268,564,36.8,64.5
1045,2022-11-11,7.1,668,268,564,36.8,64.5
1046,2022-11-12,7.1,668,268,564,36.8,64.5
1047,2022-11-13,7.1,668,268,564,36.8,64.5
1048,2022-11-14,7.1,668,268,564,36.8,64.5
1049,2022-11-15,7.1,668,268,564,36.8,64.5
1050,2022-11-16,7.1,668,268,564,36.8,64.5
1051,2022-11-17,7.1,668,268,564,36.8,64.5
1052,2022-11-18,7.1,668,268,564,36.8,64.5
1053,2022-11-19,7.1,668,268,564,36.8,64.5
1054,2022-11-20,7.1,668,268,564,36.8,64.5
1055,2022-11-21,7.1,668,268,564,36.8,64.5
1056,2022-11-22,7.1,668,268,564,36.8,64.5
1057,2022-11-23,7.1,668,268,564,36.8,64.5
1058,2022-11-24,7.1,668,268,564,36.8,64.5
1059,2022-11-25,7.1,668,268,564,36.8,64.5
1060,2022-11-26,7.1,668,268,564,36.8,64.5
1061,2022-11-27,7.1,668,268,564,36.8,64.5
1062,2022-11-28,7.1,668,268,564,36.8,64.5
1063,2022-11-29,7.1,668,268,564,36.8,64.5
1064,2022-11-30,7.1,668,268,564,36.8,64.5
1065,2022-12-01,6.8,672,280,552,36.4,63.9
1066,2022-12-02,6.8,672,280,552,36.4,63.9
1067,2022-12-03,6.8,672,280,552,36.4,63.9
1068,2022-12-04,6.8,672,280,552,36.4,63.9
1069,2022-12-05,6.8,672,280,552,36.4,63.9
1070,2022-12-06,6.8,672,280,552,36.4,63.9
1071,2022-12-07,6.8,672,280,552,36.4,63.9
1072,2022-12-08,6.8,672,280,552,36.4,63.9
1073,2022-12-09,6.8,672,280,552,36.4,63.9
1074,2022-12-10,6.8,672,280,552,36.4,63.9
1075,2022-12-11,6.8,672,280,552,36.4,63.9
1076,2022-12-12,6.8,672,280,552,36.4,63.9
1077,2022-12-13,6.8,672,280,552,36.4,63.9
1078,2022-12-14,6.8,672,280,552,36.4,63.9
1079,2022-12-15,6.8,672,280,552,36.4,63.9
1080,2022-12-16,6.8,672,280,552,36.4,63.9
1081,2022-12-17,6.8,672,280,552,36.4,63.9
1082,2022-12-18,6.8,672,280,552,36.4,63.9
1083,2022-12-19,6.8,672,280,552,36.4,63.9
1084,2022-12-20,6.8,672,280,552,36.4,63.9
1085,2022-12-21,6.8,672,280,552,36.4,63.9
1086,2022-12-22,6.8,672,280,552,36.4,63.9
1087,2022-12-23,6.8,672,280,552,36.4,63.9
1088,2022-12-24,6.8,672,280,552,36.4,63.9
1089,2022-12-25,6.8,672,280,552,36.4,63.9
1090,2022-12-26,6.8,672,280,552,36.4,63.9
1091,2022-12-27,6.8,672,280,552,36.4,63.9
1092,2022-12-28,6.8,672,280,552,36.4,63.9
1093,2022-12-29,6.8,672,280,552,36.4,63.9
1094,2022-12-30,6.8,672,280,552,36.4,63.9
1095,2022-12-31,6.8,672,280,552,36.4,63.9
1096,2023-01-01,6.8,672,280,552,36.4,63.9
1097,2023-01-02,6.8,672,280,552,36.4,63.9
1098,2023-01-03,6.8,672,280,552,36.4,63.9
1099,2023-01-04,6.8,672,280,552,36.4,63.9
1100,2023-01-05,6.8,672,280,552,36.4,63.9
1101,2023-01-06,6.8,672,280,552,36.4,63.9
1102,2023-01-07,6.8,672,280,552,36.4,63.9
1103,2023-01-08,6.8,672,280,552,36.4,63.9
1104,2023-01-09,6.8,672,280,552,36.4,63.9
1105,2023-01-10,6.8,672,280,552,36.4,63.9
1106,2023-01-11,6.8,672,280,552,36.4,63.9
1107,2023-01-12,6.8,672,280,552,36.4,63.9
1108,2023-01-13,6.8,672,280,552,36.4,63.9
1109,2023-01-14,6.8,672,280,552,36.4,63.9
1110,2023-01-15,6.8,672,280,552,36.4,63.9
1111,2023-01-16,6.8,672,280,552,36.4,63.9
1112,2023-01-17,6.8,672,280,552,36.4,63.9
1113,2023-01-18,6.8,672,280,552,36.4,63.9
1114,2023-01-19,6.8,672,280,552,36.4,63.9
1115,2023-01-20,6.8,672,280,552,36.4,63.9
1116,2023-01-21,6.8,672,280,552,36.4,63.9
1117,2023-01-22,6.8,672,280,552,36.4,63.9
1118,2023-01-23,6.8,672,280,552,36.4,63.9
1119,2023-01-24,6.8,672,280,552,36.4,63.9
1120,2023-01-25,6.8,672,280,552,36.4,63.9
1121,2023-01-26,6.8,672,280,552,36.4,63.9
1122,2023-01-27,6.8,672,280,552,36.4,63.9
1123,2023-01-28,6.8,672,280,552,36.4,63.9
1124,2023-01-29,6.8,672,280,552,36.4,63.9
1125,2023-01-30,6.8,672,280,552,36.4,63.9
1126,2023-01-31,6.8,672,280,552,36.4,63.9
1127,2023-02-01,6.3,672,240,556,18.4,34.1
1128,2023-02-02,6.3,672,240,556,18.4,34.1
1129,2023-02-03,6.3,672,240,556,18.4,34.1
1130,2023-02-04,6.3,672,240,556,18.4,34.1
1131,2023-02-05,6.3,672,240,556,18.4,34.1
1132,2023-02-06,6.3,672,240,556,18.4,34.1
1133,2023-02-07,6.3,672,240,556,18.4,34.1
1134,2023-02-08,6.3,672,240,556,18.4,34.1
1135,2023-02-09,6.3,672,240,556,18.4,34.1
1136,2023-02-10,6.3,672,240,556,18.4,34.1
1137,2023-02-11,6.3,672,240,556,18.4,34.1
1138,2023-02-12,6.3,672,240,556,18.4,34.1
1139,2023-02-13,6.3,672,240,556,18.4,34.1
1140,2023-02-14,6.3,672,240,556,18.4,34.1
1141,2023-02-15,6.3,672,240,556,18.4,34.1
1142,2023-02-16,6.3,672,240,556,18.4,34.1
1143,2023-02-17,6.3,672,240,556,18.4,34.1
1144,2023-02-18,6.3,672,240,556,18.4,34.1
1145,2023-02-19,6.3,672,240,556,18.4,34.1
1146,2023-02-20,6.3,672,240,556,18.4,34.1
1147,2023-02-21,6.3,672,240,556,18.4,34.1
1148,2023-02-22,6.3,672,240,556,18.4,34.1
1149,2023-02-23,6.3,672,240,556,18.4,34.1
1150,2023-02-24,6.3,672,240,556,18.4,34.1
1151,2023-02-25,6.3,672,240,556,18.4,34.1
1152,2023-02-26,6.3,672,240,556,18.4,34.1
1153,2023-02-27,6.3,672,240,556,18.4,34.1
1154,2023-02-28,6.3,672,240,556,18.4,34.1
1155,2023-03-01,6.3,672,240,556,18.4,34.1
1156,2023-03-02,6.3,672,240,556,18.4,34.1
1157,2023-03-03,6.3,672,240,556,18.4,34.1
1158,2023-03-04,6.3,672,240,556,18.4,34.1
1159,2023-03-05,6.3,672,240,556,18.4,34.1
1160,2023-03-06,6.3,672,240,556,18.4,34.1
1161,2023-03-07,6.3,672,240,556,18.4,34.1
1162,2023-03-08,6.3,672,240,556,18.4,34.1
1163,2023-03-09,6.3,672,240,556,18.4,34.1
1164,2023-03-10,6.3,672,240,556,18.4,34.1
1165,2023-03-11,6.3,672,240,556,18.4,34.1
1166,2023-03-12,6.3,672,240,556,18.4,34.1
1167,2023-03-13,6.3,672,240,556,18.4,34.1
1168,2023-03-14,6.3,672,240,556,18.4,34.1
1169,2023-03-15,6.3,672,240,556,18.4,34.1
1170,2023-03-16,6.3,672,240,556,18.4,34.1
1171,2023-03-17,6.3,672,240,556,18.4,34.1
1172,2023-03-18,6.3,672,240,556,18.4,34.1
1173,2023-03-19,6.3,672,240,556,18.4,34.1
1174,2023-03-20,6.3,672,240,556,18.4,34.1
1175,2023-03-21,6.3,672,240,556,18.4,34.1
1176,2023-03-22,6.3,672,240,556,18.4,34.1
1177,2023-03-23,6.3,672,240,556,18.4,34.1
1178,2023-03-24,6.3,672,240,556,18.4,34.1
1179,2023-03-25,6.3,672,240,556,18.4,34.1
1180,2023-03-26,6.3,672,240,556,18.4,34.1
1181,2023-03-27,6.3,672,240,556,18.4,34.1
1182,2023-03-28,6.3,672,240,556,18.4,34.1
1183,2023-03-29,6.3,672,240,556,18.4,34.1
1184,2023-03-30,6.3,672,240,556,18.4,34.1
1185,2023-03-31,6.3,672,240,556,18.4,34.1
1186,2023-04-01,6.4,704,250,524,18.0,35.4
1187,2023-04-02,6.4,704,250,524,18.0,35.4
1188,2023-04-03,6.4,704,250,524,18.0,35.4
1189,2023-04-04,6.4,704,250,524,18.0,35.4
1190,2023-04-05,6.4,704,250,524,18.0,35.4
1191,2023-04-06,6.4,704,250,524,18.0,35.4
1192,2023-04-07,6.4,704,250,524,18.0,35.4
1193,2023-04-08,6.4,704,250,524,18.0,35.4
1194,2023-04-09,6.4,704,250,524,18.0,35.4
1195,2023-04-10,6.4,704,250,524,18.0,35.4
1196,2023-04-11,6.4,704,250,524,18.0,35.4
1197,2023-04-12,6.4,704,250,524,18.0,35.4
1198,2023-04-13,6.4,704,250,524,18.0,35.4
1199,2023-04-14,6.4,704,250,524,18.0,35.4
1200,2023-04-15,6.4,704,250,524,18.0,35.4
1201,2023-04-16,6.4,704,250,524,18.0,35.4
1202,2023-04-17,6.4,704,250,524,18.0,35.4
1203,2023-04-18,6.4,704,250,524,18.0,35.4
1204,2023-04-19,6.4,704,250,524,18.0,35.4
1205,2023-04-20,6.4,704,250,524,18.0,35.4
1206,2023-04-21,6.4,704,250,524,18.0,35.4
1207,2023-04-22,6.4,704,250,524,18.0,35.4
1208,2023-04-23,6.4,704,250,524,18.0,35.4
1209,2023-04-24,6.4,704,250,524,18.0,35.4
1210,2023-04-25,6.4,704,250,524,18.0,35.4
1211,2023-04-26,6.4,704,250,524,18.0,35.4
1212,2023-04-27,6.4,704,250,524,18.0,35.4
1213,2023-04-28,6.4,704,250,524,18.0,35.4
1214,2023-04-29,6.4,704,250,524,18.0,35.4
1215,2023-04-30,6.4,704,250,524,18.0,35.4
1216,2023-05-01,6.6,656,225,492,17.6,34.8
1217,2023-05-02,6.6,656,225,492,17.6,34.8
1218,2023-05-03,6.6,656,225,492,17.6,34.8
1219,2023-05-04,6.6,656,225,492,17.6,34.8
1220,2023-05-05,6.6,656,225,492,17.6,34.8
1221,2023-05-06,6.6,656,225,492,17.6,34.8
1222,2023-05-07,6.6,656,225,492,17.6,34.8
1223,2023-05-08,6.6,656,225,492,17.6,34.8
1224,2023-05-09,6.6,656,225,492,17.6,34.8
1225,2023-05-10,6.6,656,225,492,17.6,34.8
1226,2023-05-11,6.6,656,225,492,17.6,34.8
1227,2023-05-12,6.6,656,225,492,17.6,34.8
1228,2023-05-13,6.6,656,225,492,17.6,34.8
1229,2023-05-14,6.6,656,225,492,17.6,34.8
1230,2023-05-15,6.6,656,225,492,17.6,34.8
1231,2023-05-16,6.6,656,225,492,17.6,34.8
1232,2023-05-17,6.6,656,225,492,17.6,34.8
1233,2023-05-18,6.6,656,225,492,17.6,34.8
1234,2023-05-19,6.6,656,225,492,17.6,34.8
1235,2023-05-20,6.6,656,225,492,17.6,34.8
1236,2023-05-21,6.6,656,225,492,17.6,34.8
1237,2023-05-22,6.6,656,225,492,17.6,34.8
1238,2023-05-23,6.6,656,225,492,17.6,34.8
1239,2023-05-24,6.6,656,225,492,17.6,34.8
1240,2023-05-25,6.6,656,225,492,17.6,34.8
1241,2023-05-26,6.6,656,225,492,17.6,34.8
1242,2023-05-27,6.6,656,225,492,17.6,34.8
1243,2023-05-28,6.6,656,225,492,17.6,34.8
1244,2023-05-29,6.6,656,225,492,17.6,34.8
1245,2023-05-30,6.6,656,225,492,17.6,34.8
1246,2023-05-31,6.6,656,225,492,17.6,34.8
1247,2023-06-01,6.2,640,220,488,16.8,32.1
1248,2023-06-02,6.2,640,220,488,16.8,32.1
1249,2023-06-03,6.2,640,220,488,16.8,32.1
1250,2023-06-04,6.2,640,220,488,16.8,32.1
1251,2023-06-05,6.2,640,220,488,16.8,32.1
1252,2023-06-06,6.2,640,220,488,16.8,32.1
1253,2023-06-07,6.2,640,220,488,16.8,32.1
1254,2023-06-08,6.2,640,220,488,16.8,32.1
1255,2023-06-09,6.2,640,220,488,16.8,32.1
1256,2023-06-10,6.2,640,220,488,16.8,32.1
1257,2023-06-11,6.2,640,220,488,16.8,32.1
1258,2023-06-12,6.2,640,220,488,16.8,32.1
1259,2023-06-13,6.2,640,220,488,16.8,32.1
1260,2023-06-14,6.2,640,220,488,16.8,32.1
1261,2023-06-15,6.2,640,220,488,16.8,32.1
1262,2023-06-16,6.2,640,220,488,16.8,32.1
1263,2023-06-17,6.2,640,220,488,16.8,32.1
1264,2023-06-18,6.2,640,220,488,16.8,32.1
1265,2023-06-19,6.2,640,220,488,16.8,32.1
1266,2023-06-20,6.2,640,220,488,16.8,32.1
1267,2023-06-21,6.2,640,220,488,16.8,32.1
1268,2023-06-22,6.2,640,220,488,16.8,32.1
1269,2023-06-23,6.2,640,220,488,16.8,32.1
1270,2023-06-24,6.2,640,220,488,16.8,32.1
1271,2023-06-25,6.2,640,220,488,16.8,32.1
1272,2023-06-26,6.2,640,220,488,16.8,32.1
1273,2023-06-27,6.2,640,220,488,16.8,32.1
1274,2023-06-28,6.2,640,220,488,16.8,32.1
1275,2023-06-29,6.2,640,220,488,16.8,32.1
1276,2023-06-30,6.2,640,220,488,16.8,32.1
1277,2023-07-01,6.6,624,205,504,16.4,33.9
1278,2023-07-02,6.6,624,205,504,16.4,33.9
1279,2023-07-03,6.6,624,205,504,16.4,33.9
1280,2023-07-04,6.6,624,205,504,16.4,33.9
1281,2023-07-05,6.6,624,205,504,16.4,33.9
1282,2023-07-06,6.6,624,205,504,16.4,33.9
1283,2023-07-07,6.6,624,205,504,16.4,33.9
1284,2023-07-08,6.6,624,205,504,16.4,33.9
1285,2023-07-09,6.6,624,205,504,16.4,33.9
1286,2023-07-10,6.6,624,205,504,16.4,33.9
1287,2023-07-11,6.6,624,205,504,16.4,33.9
1288,2023-07-12,6.6,624,205,504,16.4,33.9
1289,2023-07-13,6.6,624,205,504,16.4,33.9
1290,2023-07-14,6.6,624,205,504,16.4,33.9
1291,2023-07-15,6.6,624,205,504,16.4,33.9
1292,2023-07-16,6.6,624,205,504,16.4,33.9
1293,2023-07-17,6.6,624,205,504,16.4,33.9
1294,2023-07-18,6.6,624,205,504,16.4,33.9
1295,2023-07-19,6.6,624,205,504,16.4,33.9
1296,2023-07-20,6.6,624,205,504,16.4,33.9
1297,2023-07-21,6.6,624,205,504,16.4,33.9
1298,2023-07-22,6.6,624,205,504,16.4,33.9
1299,2023-07-23,6.6,624,205,504,16.4,33.9
1300,2023-07-24,6.6,624,205,504,16.4,33.9
1301,2023-07-25,6.6,624,205,504,16.4,33.9
1302,2023-07-26,6.6,624,205,504,16.4,33.9
1303,2023-07-27,6.6,624,205,504,16.4,33.9
1304,2023-07-28,6.6,624,205,504,16.4,33.9
1305,2023-07-29,6.6,624,205,504,16.4,33.9
1306,2023-07-30,6.6,624,205,504,16.4,33.9
1307,2023-07-31,6.6,624,205,504,16.4,33.9
1308,2023-08-01,6.5,608,215,480,16.0,35.2
1309,2023-08-02,6.5,608,215,480,16.0,35.2
1310,2023-08-03,6.5,608,215,480,16.0,35.2
1311,2023-08-04,6.5,608,215,480,16.0,35.2
1312,2023-08-05,6.5,608,215,480,16.0,35.2
1313,2023-08-06,6.5,608,215,480,16.0,35.2
1314,2023-08-07,6.5,608,215,480,16.0,35.2
1315,2023-08-08,6.5,608,215,480,16.0,35.2
1316,2023-08-09,6.5,608,215,480,16.0,35.2
1317,2023-08-10,6.5,608,215,480,16.0,35.2
1318,2023-08-11,6.5,608,215,480,16.0,35.2
1319,2023-08-12,6.5,608,215,480,16.0,35.2
1320,2023-08-13,6.5,608,215,480,16.0,35.2
1321,2023-08-14,6.5,608,215,480,16.0,35.2
1322,2023-08-15,6.5,608,215,480,16.0,35.2
1323,2023-08-16,6.5,608,215,480,16.0,35.2
1324,2023-08-17,6.5,608,215,480,16.0,35.2
1325,2023-08-18,6.5,608,215,480,16.0,35.2
1326,2023-08-19,6.5,608,215,480,16.0,35.2
1327,2023-08-20,6.5,608,215,480,16.0,35.2
1328,2023-08-21,6.5,608,215,480,16.0,35.2
1329,2023-08-22,6.5,608,215,480,16.0,35.2
1330,2023-08-23,6.5,608,215,480,16.0,35.2
1331,2023-08-24,6.5,608,215,480,16.0,35.2
1332,2023-08-25,6.5,608,215,480,16.0,35.2
1333,2023-08-26,6.5,608,215,480,16.0,35.2
1334,2023-08-27,6.5,608,215,480,16.0,35.2
1335,2023-08-28,6.5,608,215,480,16.0,35.2
1336,2023-08-29,6.5,608,215,480,16.0,35.2
1337,2023-08-30,6.5,608,215,480,16.0,35.2
1338,2023-08-31,6.5,608,215,480,16.0,35.2
1339,2023-09-01,6.4,640,236,472,16.8,34.2
1340,2023-09-02,6.4,640,236,472,16.8,34.2
1341,2023-09-03,6.4,640,236,472,16.8,34.2
1342,2023-09-04,6.4,640,236,472,16.8,34.2
1343,2023-09-05,6.4,640,236,472,16.8,34.2
1344,2023-09-06,6.4,640,236,472,16.8,34.2
1345,2023-09-07,6.4,640,236,472,16.8,34.2
1346,2023-09-08,6.4,640,236,472,16.8,34.2
1347,2023-09-09,6.4,640,236,472,16.8,34.2
1348,2023-09-10,6.4,640,236,472,16.8,34.2
1349,2023-09-11,6.4,640,236,472,16.8,34.2
1350,2023-09-12,6.4,640,236,472,16.8,34.2
1351,2023-09-13,6.4,640,236,472,16.8,34.2
1352,2023-09-14,6.4,640,236,472,16.8,34.2
1353,2023-09-15,6.4,640,236,472,16.8,34.2
1354,2023-09-16,6.4,640,236,472,16.8,34.2
1355,2023-09-17,6.4,640,236,472,16.8,34.2
1356,2023-09-18,6.4,640,236,472,16.8,34.2
1357,2023-09-19,6.4,640,236,472,16.8,34.2
1358,2023-09-20,6.4,640,236,472,16.8,34.2
1359,2023-09-21,6.4,640,236,472,16.8,34.2
1360,2023-09-22,6.4,640,236,472,16.8,34.2
1361,2023-09-23,6.4,640,236,472,16.8,34.2
1362,2023-09-24,6.4,640,236,472,16.8,34.2
1363,2023-09-25,6.4,640,236,472,16.8,34.2
1364,2023-09-26,6.4,640,236,472,16.8,34.2
1365,2023-09-27,6.4,640,236,472,16.8,34.2
1366,2023-09-28,6.4,640,236,472,16.8,34.2
1367,2023-09-29,6.4,640,236,472,16.8,34.2
1368,2023-09-30,6.4,640,236,472,16.8,34.2
1369,2023-10-01,6.4,624,230,496,15.6,33.4
1370,2023-10-02,6.4,624,230,496,15.6,33.4
1371,2023-10-03,6.4,624,230,496,15.6,33.4
1372,2023-10-04,6.4,624,230,496,15.6,33.4
1373,2023-10-05,6.4,624,230,496,15.6,33.4
1374,2023-10-06,6.4,624,230,496,15.6,33.4
1375,2023-10-07,6.4,624,230,496,15.6,33.4
1376,2023-10-08,6.4,624,230,496,15.6,33.4
1377,2023-10-09,6.4,624,230,496,15.6,33.4
1378,2023-10-10,6.4,624,230,496,15.6,33.4
1379,2023-10-11,6.4,624,230,496,15.6,33.4
1380,2023-10-12,6.4,624,230,496,15.6,33.4
1381,2023-10-13,6.4,624,230,496,15.6,33.4
1382,2023-10-14,6.4,624,230,496,15.6,33.4
1383,2023-10-15,6.4,624,230,496,15.6,33.4
1384,2023-10-16,6.4,624,230,496,15.6,33.4
1385,2023-10-17,6.4,624,230,496,15.6,33.4
1386,2023-10-18,6.4,624,230,496,15.6,33.4
1387,2023-10-19,6.4,624,230,496,15.6,33.4
1388,2023-10-20,6.4,624,230,496,15.6,33.4
1389,2023-10-21,6.4,624,230,496,15.6,33.4
1390,2023-10-22,6.4,624,230,496,15.6,33.4
1391,2023-10-23,6.4,624,230,496,15.6,33.4
1392,2023-10-24,6.4,624,230,496,15.6,33.4
1393,2023-10-25,6.4,624,230,496,15.6,33.4
1394,2023-10-26,6.4,624,230,496,15.6,33.4
1395,2023-10-27,6.4,624,230,496,15.6,33.4
1396,2023-10-28,6.4,624,230,496,15.6,33.4
1397,2023-10-29,6.4,624,230,496,15.6,33.4
1398,2023-10-30,6.4,624,230,496,15.6,33.4
1399,2023-10-31,6.4,624,230,496,15.6,33.4
1400,2023-11-01,6.8,656,240,480,16.0,32.1
1401,2023-11-02,6.8,656,240,480,16.0,32.1
1402,2023-11-03,6.8,656,240,480,16.0,32.1
1403,2023-11-04,6.8,656,240,480,16.0,32.1
1404,2023-11-05,6.8,656,240,480,16.0,32.1
1405,2023-11-06,6.8,656,240,480,16.0,32.1
1406,2023-11-07,6.8,656,240,480,16.0,32.1
1407,2023-11-08,6.8,656,240,480,16.0,32.1
1408,2023-11-09,6.8,656,240,480,16.0,32.1
1409,2023-11-10,6.8,656,240,480,16.0,32.1
1410,2023-11-11,6.8,656,240,480,16.0,32.1
1411,2023-11-12,6.8,656,240,480,16.0,32.1
1412,2023-11-13,6.8,656,240,480,16.0,32.1
1413,2023-11-14,6.8,656,240,480,16.0,32.1
1414,2023-11-15,6.8,656,240,480,16.0,32.1
1415,2023-11-16,6.8,656,240,480,16.0,32.1
1416,2023-11-17,6.8,656,240,480,16.0,32.1
1417,2023-11-18,6.8,656,240,480,16.0,32.1
1418,2023-11-19,6.8,656,240,480,16.0,32.1
1419,2023-11-20,6.8,656,240,480,16.0,32.1
1420,2023-11-21,6.8,656,240,480,16.0,32.1
1421,2023-11-22,6.8,656,240,480,16.0,32.1
1422,2023-11-23,6.8,656,240,480,16.0,32.1
1423,2023-11-24,6.8,656,240,480,16.0,32.1
1424,2023-11-25,6.8,656,240,480,16.0,32.1
1425,2023-11-26,6.8,656,240,480,16.0,32.1
1426,2023-11-27,6.8,656,240,480,16.0,32.1
1427,2023-11-28,6.8,656,240,480,16.0,32.1
1428,2023-11-29,6.8,656,240,480,16.0,32.1
1429,2023-11-30,6.8,656,240,480,16.0,32.1
1430,2023-12-01,6.5,640,215,454,14.8,34.4
1431,2023-12-02,6.5,640,215,454,14.8,34.4
1432,2023-12-03,6.5,640,215,454,14.8,34.4
1433,2023-12-04,6.5,640,215,454,14.8,34.4
1434,2023-12-05,6.5,640,215,454,14.8,34.4
1435,2023-12-06,6.5,640,215,454,14.8,34.4
1436,2023-12-07,6.5,640,215,454,14.8,34.4
1437,2023-12-08,6.5,640,215,454,14.8,34.4
1438,2023-12-09,6.5,640,215,454,14.8,34.4
1439,2023-12-10,6.5,640,215,454,14.8,34.4
1440,2023-12-11,6.5,640,215,454,14.8,34.4
1441,2023-12-12,6.5,640,215,454,14.8,34.4
1442,2023-12-13,6.5,640,215,454,14.8,34.4
1443,2023-12-14,6.5,640,215,454,14.8,34.4
1444,2023-12-15,6.5,640,215,454,14.8,34.4
1445,2023-12-16,6.5,640,215,454,14.8,34.4
1446,2023-12-17,6.5,640,215,454,14.8,34.4
1447,2023-12-18,6.5,640,215,454,14.8,34.4
1448,2023-12-19,6.5,640,215,454,14.8,34.4
1449,2023-12-20,6.5,640,215,454,14.8,34.4
1450,2023-12-21,6.5,640,215,454,14.8,34.4
1451,2023-12-22,6.5,640,215,454,14.8,34.4
1452,2023-12-23,6.5,640,215,454,14.8,34.4
1453,2023-12-24,6.5,640,215,454,14.8,34.4
1454,2023-12-25,6.5,640,215,454,14.8,34.4
1455,2023-12-26,6.5,640,215,454,14.8,34.4
1456,2023-12-27,6.5,640,215,454,14.8,34.4
1457,2023-12-28,6.5,640,215,454,14.8,34.4
1458,2023-12-29,6.5,640,215,454,14.8,34.4
1459,2023-12-30,6.5,640,215,454,14.8,34.4
1460,2023-12-31,6.5,640,215,454,14.8,34.4
1461,2024-01-01,6.5,640,215,454,14.8,34.4
1462,2024-01-02,6.5,640,215,454,14.8,34.4
1463,2024-01-03,6.5,640,215,454,14.8,34.4
1464,2024-01-04,6.5,640,215,454,14.8,34.4
1465,2024-01-05,6.5,640,215,454,14.8,34.4
1466,2024-01-06,6.5,640,215,454,14.8,34.4
1467,2024-01-07,6.5,640,215,454,14.8,34.4
1468,2024-01-08,6.5,640,215,454,14.8,34.4
1469,2024-01-09,6.5,640,215,454,14.8,34.4
1470,2024-01-10,6.5,640,215,454,14.8,34.4
1471,2024-01-11,6.5,640,215,454,14.8,34.4
1472,2024-01-12,6.5,640,215,454,14.8,34.4
1473,2024-01-13,6.5,640,215,454,14.8,34.4
1474,2024-01-14,6.5,640,215,454,14.8,34.4
1475,2024-01-15,6.5,640,215,454,14.8,34.4
1476,2024-01-16,6.5,640,215,454,14.8,34.4
1477,2024-01-17,6.5,640,215,454,14.8,34.4
1478,2024-01-18,6.5,640,215,454,14.8,34.4
1479,2024-01-19,6.5,640,215,454,14.8,34.4
1480,2024-01-20,6.5,640,215,454,14.8,34.4
1481,2024-01-21,6.5,640,215,454,14.8,34.4
1482,2024-01-22,6.5,640,215,454,14.8,34.4
1483,2024-01-23,6.5,640,215,454,14.8,34.4
1484,2024-01-24,6.5,640,215,454,14.8,34.4
1485,2024-01-25,6.5,640,215,454,14.8,34.4
1486,2024-01-26,6.5,640,215,454,14.8,34.4
1487,2024-01-27,6.5,640,215,454,14.8,34.4
1488,2024-01-28,6.5,640,215,454,14.8,34.4
1489,2024-01-29,6.5,640,215,454,14.8,34.4
1490,2024-01-30,6.5,640,215,454,14.8,34.4
1491,2024-01-31,6.5,640,215,454,14.8,34.4
1492,2024-02-01,6.8,600,190,364,16.8,29.2
1493,2024-02-02,6.8,600,190,364,16.8,29.2
1494,2024-02-03,6.8,600,190,364,16.8,29.2
1495,2024-02-04,6.8,600,190,364,16.8,29.2
1496,2024-02-05,6.8,600,190,364,16.8,29.2
1497,2024-02-06,6.8,600,190,364,16.8,29.2
1498,2024-02-07,6.8,600,190,364,16.8,29.2
1499,2024-02-08,6.8,600,190,364,16.8,29.2
1500,2024-02-09,6.8,600,190,364,16.8,29.2
1501,2024-02-10,6.8,600,190,364,16.8,29.2
1502,2024-02-11,6.8,600,190,364,16.8,29.2
1503,2024-02-12,6.8,600,190,364,16.8,29.2
1504,2024-02-13,6.8,600,190,364,16.8,29.2
1505,2024-02-14,6.8,600,190,364,16.8,29.2
1506,2024-02-15,6.8,600,190,364,16.8,29.2
1507,2024-02-16,6.8,600,190,364,16.8,29.2
1508,2024-02-17,6.8,600,190,364,16.8,29.2
1509,2024-02-18,6.8,600,190,364,16.8,29.2
1510,2024-02-19,6.8,600,190,364,16.8,29.2
1511,2024-02-20,6.8,600,190,364,16.8,29.2
1512,2024-02-21,6.8,600,190,364,16.8,29.2
1513,2024-02-22,6.8,600,190,364,16.8,29.2
1514,2024-02-23,6.8,600,190,364,16.8,29.2
1515,2024-02-24,6.8,600,190,364,16.8,29.2
1516,2024-02-25,6.8,600,190,364,16.8,29.2
1517,2024-02-26,6.8,600,190,364,16.8,29.2
1518,2024-02-27,6.8,600,190,364,16.8,29.2
1519,2024-02-28,6.8,600,190,364,16.8,29.2
1520,2024-02-29,6.8,600,190,364,16.8,29.2
1521,2024-03-01,6.8,600,190,364,16.8,29.2
1522,2024-03-02,6.8,600,190,364,16.8,29.2
1523,2024-03-03,6.8,600,190,364,16.8,29.2
1524,2024-03-04,6.8,600,190,364,16.8,29.2
1525,2024-03-05,6.8,600,190,364,16.8,29.2
1526,2024-03-06,6.8,600,190,364,16.8,29.2
1527,2024-03-07,6.8,600,190,364,16.8,29.2
1528,2024-03-08,6.8,600,190,364,16.8,29.2
1529,2024-03-09,6.8,600,190,364,16.8,29.2
1530,2024-03-10,6.8,600,190,364,16.8,29.2
1531,2024-03-11,6.8,600,190,364,16.8,29.2
1532,2024-03-12,6.8,600,190,364,16.8,29.2
1533,2024-03-13,6.8,600,190,364,16.8,29.2
1534,2024-03-14,6.8,600,190,364,16.8,29.2
1535,2024-03-15,6.8,600,190,364,16.8,29.2
1536,2024-03-16,6.8,600,190,364,16.8,29.2
1537,2024-03-17,6.8,600,190,364,16.8,29.2
1538,2024-03-18,6.8,600,190,364,16.8,29.2
1539,2024-03-19,6.8,600,190,364,16.8,29.2
1540,2024-03-20,6.8,600,190,364,16.8,29.2
1541,2024-03-21,6.8,600,190,364,16.8,29.2
1542,2024-03-22,6.8,600,190,364,16.8,29.2
1543,2024-03-23,6.8,600,190,364,16.8,29.2
1544,2024-03-24,6.8,600,190,364,16.8,29.2
1545,2024-03-25,6.8,600,190,364,16.8,29.2
1546,2024-03-26,6.8,600,190,364,16.8,29.2
1547,2024-03-27,6.8,600,190,364,16.8,29.2
1548,2024-03-28,6.8,600,190,364,16.8,29.2
1549,2024-03-29,6.8,600,190,364,16.8,29.2
1550,2024-03-30,6.8,600,190,364,16.8,29.2
1551,2024-03-31,6.8,600,190,364,16.8,29.2
1552,2024-04-01,7.1,576,200,388,8.2,26.0
1553,2024-04-02,7.1,576,200,388,8.2,26.0
1554,2024-04-03,7.1,576,200,388,8.2,26.0
1555,2024-04-04,7.1,576,200,388,8.2,26.0
1556,2024-04-05,7.1,576,200,388,8.2,26.0
1557,2024-04-06,7.1,576,200,388,8.2,26.0
1558,2024-04-07,7.1,576,200,388,8.2,26.0
1559,2024-04-08,7.1,576,200,388,8.2,26.0
1560,2024-04-09,7.1,576,200,388,8.2,26.0
1561,2024-04-10,7.1,576,200,388,8.2,26.0
1562,2024-04-11,7.1,576,200,388,8.2,26.0
1563,2024-04-12,7.1,576,200,388,8.2,26.0
1564,2024-04-13,7.1,576,200,388,8.2,26.0
1565,2024-04-14,7.1,576,200,388,8.2,26.0
1566,2024-04-15,7.1,576,200,388,8.2,26.0
1567,2024-04-16,7.1,576,200,388,8.2,26.0
1568,2024-04-17,7.1,576,200,388,8.2,26.0
1569,2024-04-18,7.1,576,200,388,8.2,26.0
1570,2024-04-19,7.1,576,200,388,8.2,26.0
1571,2024-04-20,7.1,576,200,388,8.2,26.0
1572,2024-04-21,7.1,576,200,388,8.2,26.0
1573,2024-04-22,7.1,576,200,388,8.2,26.0
1574,2024-04-23,7.1,576,200,388,8.2,26.0
1575,2024-04-24,7.1,576,200,388,8.2,26.0
1576,2024-04-25,7.1,576,200,388,8.2,26.0
1577,2024-04-26,7.1,576,200,388,8.2,26.0
1578,2024-04-27,7.1,576,200,388,8.2,26.0
1579,2024-04-28,7.1,576,200,388,8.2,26.0
1580,2024-04-29,7.1,576,200,388,8.2,26.0
1581,2024-04-30,7.1,576,200,388,8.2,26.0
1582,2024-05-01,7.1,544,220,400,12.4,18.2
1583,2024-05-02,7.1,544,220,400,12.4,18.2
1584,2024-05-03,7.1,544,220,400,12.4,18.2
1585,2024-05-04,7.1,544,220,400,12.4,18.2
1586,2024-05-05,7.1,544,220,400,12.4,18.2
1587,2024-05-06,7.1,544,220,400,12.4,18.2
1588,2024-05-07,7.1,544,220,400,12.4,18.2
1589,2024-05-08,7.1,544,220,400,12.4,18.2
1590,2024-05-09,7.1,544,220,400,12.4,18.2
1591,2024-05-10,7.1,544,220,400,12.4,18.2
1592,2024-05-11,7.1,544,220,400,12.4,18.2
1593,2024-05-12,7.1,544,220,400,12.4,18.2
1594,2024-05-13,7.1,544,220,400,12.4,18.2
1595,2024-05-14,7.1,544,220,400,12.4,18.2
1596,2024-05-15,7.1,544,220,400,12.4,18.2
1597,2024-05-16,7.1,544,220,400,12.4,18.2
1598,2024-05-17,7.1,544,220,400,12.4,18.2
1599,2024-05-18,7.1,544,220,400,12.4,18.2
1600,2024-05-19,7.1,544,220,400,12.4,18.2
1601,2024-05-20,7.1,544,220,400,12.4,18.2
1602,2024-05-21,7.1,544,220,400,12.4,18.2
1603,2024-05-22,7.1,544,220,400,12.4,18.2
1604,2024-05-23,7.1,544,220,400,12.4,18.2
1605,2024-05-24,7.1,544,220,400,12.4,18.2
1606,2024-05-25,7.1,544,220,400,12.4,18.2
1607,2024-05-26,7.1,544,220,400,12.4,18.2
1608,2024-05-27,7.1,544,220,400,12.4,18.2
1609,2024-05-28,7.1,544,220,400,12.4,18.2
1610,2024-05-29,7.1,544,220,400,12.4,18.2
1611,2024-05-30,7.1,544,220,400,12.4,18.2
1612,2024-05-31,7.1,544,220,400,12.4,18.2
1613,2024-06-01,6.9,528,225,424,18.0,16.3
1614,2024-06-02,6.9,528,225,424,18.0,16.3
1615,2024-06-03,6.9,528,225,424,18.0,16.3
1616,2024-06-04,6.9,528,225,424,18.0,16.3
1617,2024-06-05,6.9,528,225,424,18.0,16.3
1618,2024-06-06,6.9,528,225,424,18.0,16.3
1619,2024-06-07,6.9,528,225,424,18.0,16.3
1620,2024-06-08,6.9,528,225,424,18.0,16.3
1621,2024-06-09,6.9,528,225,424,18.0,16.3
1622,2024-06-10,6.9,528,225,424,18.0,16.3
1623,2024-06-11,6.9,528,225,424,18.0,16.3
1624,2024-06-12,6.9,528,225,424,18.0,16.3
1625,2024-06-13,6.9,528,225,424,18.0,16.3
1626,2024-06-14,6.9,528,225,424,18.0,16.3
1627,2024-06-15,6.9,528,225,424,18.0,16.3
1628,2024-06-16,6.9,528,225,424,18.0,16.3
1629,2024-06-17,6.9,528,225,424,18.0,16.3
1630,2024-06-18,6.9,528,225,424,18.0,16.3
1631,2024-06-19,6.9,528,225,424,18.0,16.3
1632,2024-06-20,6.9,528,225,424,18.0,16.3
1633,2024-06-21,6.9,528,225,424,18.0,16.3
1634,2024-06-22,6.9,528,225,424,18.0,16.3
1635,2024-06-23,6.9,528,225,424,18.0,16.3
1636,2024-06-24,6.9,528,225,424,18.0,16.3
1637,2024-06-25,6.9,528,225,424,18.0,16.3
1638,2024-06-26,6.9,528,225,424,18.0,16.3
1639,2024-06-27,6.9,528,225,424,18.0,16.3
1640,2024-06-28,6.9,528,225,424,18.0,16.3
1641,2024-06-29,6.9,528,225,424,18.0,16.3
1642,2024-06-30,6.9,528,225,424,18.0,16.3
1643,2024-07-01,7.1,472,200,432,16.0,18.8
1644,2024-07-02,7.1,472,200,432,16.0,18.8
1645,2024-07-03,7.1,472,200,432,16.0,18.8
1646,2024-07-04,7.1,472,200,432,16.0,18.8
1647,2024-07-05,7.1,472,200,432,16.0,18.8
1648,2024-07-06,7.1,472,200,432,16.0,18.8
1649,2024-07-07,7.1,472,200,432,16.0,18.8
1650,2024-07-08,7.1,472,200,432,16.0,18.8
1651,2024-07-09,7.1,472,200,432,16.0,18.8
1652,2024-07-10,7.1,472,200,432,16.0,18.8
1653,2024-07-11,7.1,472,200,432,16.0,18.8
1654,2024-07-12,7.1,472,200,432,16.0,18.8
1655,2024-07-13,7.1,472,200,432,16.0,18.8
1656,2024-07-14,7.1,472,200,432,16.0,18.8
1657,2024-07-15,7.1,472,200,432,16.0,18.8
1658,2024-07-16,7.1,472,200,432,16.0,18.8
1659,2024-07-17,7.1,472,200,432,16.0,18.8
1660,2024-07-18,7.1,472,200,432,16.0,18.8
1661,2024-07-19,7.1,472,200,432,16.0,18.8
1662,2024-07-20,7.1,472,200,432,16.0,18.8
1663,2024-07-21,7.1,472,200,432,16.0,18.8
1664,2024-07-22,7.1,472,200,432,16.0,18.8
1665,2024-07-23,7.1,472,200,432,16.0,18.8
1666,2024-07-24,7.1,472,200,432,16.0,18.8
1667,2024-07-25,7.1,472,200,432,16.0,18.8
1668,2024-07-26,7.1,472,200,432,16.0,18.8
1669,2024-07-27,7.1,472,200,432,16.0,18.8
1670,2024-07-28,7.1,472,200,432,16.0,18.8
1671,2024-07-29,7.1,472,200,432,16.0,18.8
1672,2024-07-30,7.1,472,200,432,16.0,18.8
1673,2024-07-31,7.1,472,200,432,16.0,18.8
1674,2024-08-01,7.1,472,200,432,16.0,18.8
1675,2024-08-02,7.1,472,200,432,16.0,18.8
1676,2024-08-03,7.1,472,200,432,16.0,18.8
1677,2024-08-04,7.1,472,200,432,16.0,18.8
1678,2024-08-05,7.1,472,200,432,16.0,18.8
1679,2024-08-06,7.1,472,200,432,16.0,18.8
1680,2024-08-07,7.1,472,200,432,16.0,18.8
1681,2024-08-08,7.1,472,200,432,16.0,18.8
1682,2024-08-09,7.1,472,200,432,16.0,18.8
1683,2024-08-10,7.1,472,200,432,16.0,18.8
1684,2024-08-11,7.1,472,200,432,16.0,18.8
1685,2024-08-12,7.1,472,200,432,16.0,18.8
1686,2024-08-13,7.1,472,200,432,16.0,18.8
1687,2024-08-14,7.1,472,200,432,16.0,18.8
1688,2024-08-15,7.1,472,200,432,16.0,18.8
1689,2024-08-16,7.1,472,200,432,16.0,18.8
1690,2024-08-17,7.1,472,200,432,16.0,18.8
1691,2024-08-18,7.1,472,200,432,16.0,18.8
1692,2024-08-19,7.1,472,200,432,16.0,18.8
1693,2024-08-20,7.1,472,200,432,16.0,18.8
1694,2024-08-21,7.1,472,200,432,16.0,18.8
1695,2024-08-22,7.1,472,200,432,16.0,18.8
1696,2024-08-23,7.1,472,200,432,16.0,18.8
1697,2024-08-24,7.1,472,200,432,16.0,18.8
1698,2024-08-25,7.1,472,200,432,16.0,18.8
1699,2024-08-26,7.1,472,200,432,16.0,18.8
1700,2024-08-27,7.1,472,200,432,16.0,18.8
1701,2024-08-28,7.1,472,200,432,16.0,18.8
1702,2024-08-29,7.1,472,200,432,16.0,18.8
1703,2024-08-30,7.1,472,200,432,16.0,18.8
1704,2024-08-31,7.1,472,200,432,16.0,18.8
1705,2024-09-01,7.4,456,180,404,12.0,24.5
1706,2024-09-02,7.4,456,180,404,12.0,24.5
1707,2024-09-03,7.4,456,180,404,12.0,24.5
1708,2024-09-04,7.4,456,180,404,12.0,24.5
1709,2024-09-05,7.4,456,180,404,12.0,24.5
1710,2024-09-06,7.4,456,180,404,12.0,24.5
1711,2024-09-07,7.4,456,180,404,12.0,24.5
1712,2024-09-08,7.4,456,180,404,12.0,24.5
1713,2024-09-09,7.4,456,180,404,12.0,24.5
1714,2024-09-10,7.4,456,180,404,12.0,24.5
1715,2024-09-11,7.4,456,180,404,12.0,24.5
1716,2024-09-12,7.4,456,180,404,12.0,24.5
1717,2024-09-13,7.4,456,180,404,12.0,24.5
1718,2024-09-14,7.4,456,180,404,12.0,24.5
1719,2024-09-15,7.4,456,180,404,12.0,24.5
1720,2024-09-16,7.4,456,180,404,12.0,24.5
1721,2024-09-17,7.4,456,180,404,12.0,24.5
1722,2024-09-18,7.4,456,180,404,12.0,24.5
1723,2024-09-19,7.4,456,180,404,12.0,24.5
1724,2024-09-20,7.4,456,180,404,12.0,24.5
1725,2024-09-21,7.4,456,180,404,12.0,24.5
1726,2024-09-22,7.4,456,180,404,12.0,24.5
1727,2024-09-23,7.4,456,180,404,12.0,24.5
1728,2024-09-24,7.4,456,180,404,12.0,24.5
1729,2024-09-25,7.4,456,180,404,12.0,24.5
1730,2024-09-26,7.4,456,180,404,12.0,24.5
1731,2024-09-27,7.4,456,180,404,12.0,24.5
1732,2024-09-28,7.4,456,180,404,12.0,24.5
1733,2024-09-29,7.4,456,180,404,12.0,24.5
1734,2024-09-30,7.4,456,180,404,12.0,24.5
1735,2024-10-01,7.8,440,166,424,14.4,17.5
1736,2024-10-02,7.8,440,166,424,14.4,17.5
1737,2024-10-03,7.8,440,166,424,14.4,17.5
1738,2024-10-04,7.8,440,166,424,14.4,17.5
1739,2024-10-05,7.8,440,166,424,14.4,17.5
1740,2024-10-06,7.8,440,166,424,14.4,17.5
1741,2024-10-07,7.8,440,166,424,14.4,17.5
1742,2024-10-08,7.8,440,166,424,14.4,17.5
1743,2024-10-09,7.8,440,166,424,14.4,17.5
1744,2024-10-10,7.8,440,166,424,14.4,17.5
1745,2024-10-11,7.8,440,166,424,14.4,17.5
1746,2024-10-12,7.8,440,166,424,14.4,17.5
1747,2024-10-13,7.8,440,166,424,14.4,17.5
1748,2024-10-14,7.8,440,166,424,14.4,17.5
1749,2024-10-15,7.8,440,166,424,14.4,17.5
1750,2024-10-16,7.8,440,166,424,14.4,17.5
1751,2024-10-17,7.8,440,166,424,14.4,17.5
1752,2024-10-18,7.8,440,166,424,14.4,17.5
1753,2024-10-19,7.8,440,166,424,14.4,17.5
1754,2024-10-20,7.8,440,166,424,14.4,17.5
1755,2024-10-21,7.8,440,166,424,14.4,17.5
1756,2024-10-22,7.8,440,166,424,14.4,17.5
1757,2024-10-23,7.8,440,166,424,14.4,17.5
1758,2024-10-24,7.8,440,166,424,14.4,17.5
1759,2024-10-25,7.8,440,166,424,14.4,17.5
1760,2024-10-26,7.8,440,166,424,14.4,17.5
1761,2024-10-27,7.8,440,166,424,14.4,17.5
1762,2024-10-28,7.8,440,166,424,14.4,17.5
1763,2024-10-29,7.8,440,166,424,14.4,17.5
1764,2024-10-30,7.8,440,166,424,14.4,17.5
1765,2024-10-31,7.8,440,166,424,14.4,17.5
1766,2024-11-01,7.2,336,180,344,15.2,20.1
1767,2024-11-02,7.2,336,180,344,15.2,20.1
1768,2024-11-03,7.2,336,180,344,15.2,20.1
1769,2024-11-04,7.2,336,180,344,15.2,20.1
1770,2024-11-05,7.2,336,180,344,15.2,20.1
1771,2024-11-06,7.2,336,180,344,15.2,20.1
1772,2024-11-07,7.2,336,180,344,15.2,20.1
1773,2024-11-08,7.2,336,180,344,15.2,20.1
1774,2024-11-09,7.2,336,180,344,15.2,20.1
1775,2024-11-10,7.2,336,180,344,15.2,20.1
1776,2024-11-11,7.2,336,180,344,15.2,20.1
1777,2024-11-12,7.2,336,180,344,15.2,20.1
1778,2024-11-13,7.2,336,180,344,15.2,20.1
1779,2024-11-14,7.2,336,180,344,15.2,20.1
1780,2024-11-15,7.2,336,180,344,15.2,20.1
1781,2024-11-16,7.2,336,180,344,15.2,20.1
1782,2024-11-17,7.2,336,180,344,15.2,20.1
1783,2024-11-18,7.2,336,180,344,15.2,20.1
1784,2024-11-19,7.2,336,180,344,15.2,20.1
1785,2024-11-20,7.2,336,180,344,15.2,20.1
1786,2024-11-21,7.2,336,180,344,15.2,20.1
1787,2024-11-22,7.2,336,180,344,15.2,20.1
1788,2024-11-23,7.2,336,180,344,15.2,20.1
1789,2024-11-24,7.2,336,180,344,15.2,20.1
1790,2024-11-25,7.2,336,180,344,15.2,20.1
1791,2024-11-26,7.2,336,180,344,15.2,20.1
1792,2024-11-27,7.2,336,180,344,15.2,20.1
1793,2024-11-28,7.2,336,180,344,15.2,20.1
1794,2024-11-29,7.2,336,180,344,15.2,20.1
1795,2024-11-30,7.2,336,180,344,15.2,20.1
1796,2024-12-01,6.7,408,133,448,16.8,12.2
1797,2024-12-02,6.7,408,133,448,16.8,12.2
1798,2024-12-03,6.7,408,133,448,16.8,12.2
1799,2024-12-04,6.7,408,133,448,16.8,12.2
1800,2024-12-05,6.7,408,133,448,16.8,12.2
1801,2024-12-06,6.7,408,133,448,16.8,12.2
1802,2024-12-07,6.7,408,133,448,16.8,12.2
1803,2024-12-08,6.7,408,133,448,16.8,12.2
1804,2024-12-09,6.7,408,133,448,16.8,12.2
1805,2024-12-10,6.7,408,133,448,16.8,12.2
1806,2024-12-11,6.7,408,133,448,16.8,12.2
1807,2024-12-12,6.7,408,133,448,16.8,12.2
1808,2024-12-13,6.7,408,133,448,16.8,12.2
1809,2024-12-14,6.7,408,133,448,16.8,12.2
1810,2024-12-15,6.7,408,133,448,16.8,12.2
1811,2024-12-16,6.7,408,133,448,16.8,12.2
1812,2024-12-17,6.7,408,133,448,16.8,12.2
1813,2024-12-18,6.7,408,133,448,16.8,12.2
1814,2024-12-19,6.7,408,133,448,16.8,12.2
1815,2024-12-20,6.7,408,133,448,16.8,12.2
1816,2024-12-21,6.7,408,133,448,16.8,12.2
1817,2024-12-22,6.7,408,133,448,16.8,12.2
1818,2024-12-23,6.7,408,133,448,16.8,12.2
1819,2024-12-24,6.7,408,133,448,16.8,12.2
1820,2024-12-25,6.7,408,133,448,16.8,12.2
1821,2024-12-26,6.7,408,133,448,16.8,12.2
1822,2024-12-27,6.7,408,133,448,16.8,12.2
1823,2024-12-28,6.7,408,133,448,16.8,12.2
1824,2024-12-29,6.7,408,133,448,16.8,12.2
1825,2024-12-30,6.7,408,133,448,16.8,12.2
1826,2024-12-31,6.7,408,133,448,16.8,12.2
1827,2025-01-01,6.6,400,150,416,12.8,13.1
1828,2025-01-02,6.6,400,150,416,12.8,13.1
1829,2025-01-03,6.6,400,150,416,12.8,13.1
1830,2025-01-04,6.6,400,150,416,12.8,13.1
1831,2025-01-05,6.6,400,150,416,12.8,13.1
1832,2025-01-06,6.6,400,150,416,12.8,13.1
1833,2025-01-07,6.6,400,150,416,12.8,13.1
1834,2025-01-08,6.6,400,150,416,12.8,13.1
1835,2025-01-09,6.6,400,150,416,12.8,13.1
1836,2025-01-10,6.6,400,150,416,12.8,13.1
1837,2025-01-11,6.6,400,150,416,12.8,13.1
1838,2025-01-12,6.6,400,150,416,12.8,13.1
1839,2025-01-13,6.6,400,150,416,12.8,13.1
1840,2025-01-14,6.6,400,150,416,12.8,13.1
1841,2025-01-15,6.6,400,150,416,12.8,13.1
1842,2025-01-16,6.6,400,150,416,12.8,13.1
1843,2025-01-17,6.6,400,150,416,12.8,13.1
1844,2025-01-18,6.6,400,150,416,12.8,13.1
1845,2025-01-19,6.6,400,150,416,12.8,13.1
1846,2025-01-20,6.6,400,150,416,12.8,13.1
1847,2025-01-21,6.6,400,150,416,12.8,13.1
1848,2025-01-22,6.6,400,150,416,12.8,13.1
1849,2025-01-23,6.6,400,150,416,12.8,13.1
1850,2025-01-24,6.6,400,150,416,12.8,13.1
1851,2025-01-25,6.6,400,150,416,12.8,13.1
1852,2025-01-26,6.6,400,150,416,12.8,13.1
1853,2025-01-27,6.6,400,150,416,12.8,13.1
1854,2025-01-28,6.6,400,150,416,12.8,13.1
1855,2025-01-29,6.6,400,150,416,12.8,13.1
1856,2025-01-30,6.6,400,150,416,12.8,13.1
1857,2025-01-31,6.6,400,150,416,12.8,13.1
1858,2025-02-01,6.6,368,160,380,10.0,10.3
1859,2025-02-02,6.6,368,160,380,10.0,10.3
1860,2025-02-03,6.6,368,160,380,10.0,10.3
1861,2025-02-04,6.6,368,160,380,10.0,10.3
1862,2025-02-05,6.6,368,160,380,10.0,10.3
1863,2025-02-06,6.6,368,160,380,10.0,10.3
1864,2025-02-07,6.6,368,160,380,10.0,10.3
1865,2025-02-08,6.6,368,160,380,10.0,10.3
1866,2025-02-09,6.6,368,160,380,10.0,10.3
1867,2025-02-10,6.6,368,160,380,10.0,10.3
1868,2025-02-11,6.6,368,160,380,10.0,10.3
1869,2025-02-12,6.6,368,160,380,10.0,10.3
1870,2025-02-13,6.6,368,160,380,10.0,10.3
1871,2025-02-14,6.6,368,160,380,10.0,10.3
1872,2025-02-15,6.6,368,160,380,10.0,10.3
1873,2025-02-16,6.6,368,160,380,10.0,10.3
1874,2025-02-17,6.6,368,160,380,10.0,10.3
1875,2025-02-18,6.6,368,160,380,10.0,10.3
1876,2025-02-19,6.6,368,160,380,10.0,10.3
1877,2025-02-20,6.6,368,160,380,10.0,10.3
1878,2025-02-21,6.6,368,160,380,10.0,10.3
1879,2025-02-22,6.6,368,160,380,10.0,10.3
1880,2025-02-23,6.6,368,160,380,10.0,10.3
1881,2025-02-24,6.6,368,160,380,10.0,10.3
1882,2025-02-25,6.6,368,160,380,10.0,10.3
1883,2025-02-26,6.6,368,160,380,10.0,10.3
1884,2025-02-27,6.6,368,160,380,10.0,10.3
1885,2025-02-28,6.6,368,160,380,10.0,10.3
1886,2025-03-01,7.6,272,120,384,11.6,13.0
1887,2025-03-02,7.6,272,120,384,11.6,13.0
1888,2025-03-03,7.6,272,120,384,11.6,13.0
1889,2025-03-04,7.6,272,120,384,11.6,13.0
1890,2025-03-05,7.6,272,120,384,11.6,13.0
1891,2025-03-06,7.6,272,120,384,11.6,13.0
1892,2025-03-07,7.6,272,120,384,11.6,13.0
1893,2025-03-08,7.6,272,120,384,11.6,13.0
1894,2025-03-09,7.6,272,120,384,11.6,13.0
1895,2025-03-10,7.6,272,120,384,11.6,13.0
1896,2025-03-11,7.6,272,120,384,11.6,13.0
1897,2025-03-12,7.6,272,120,384,11.6,13.0
1898,2025-03-13,7.6,272,120,384,11.6,13.0
1899,2025-03-14,7.6,272,120,384,11.6,13.0
1900,2025-03-15,7.6,272,120,384,11.6,13.0
1901,2025-03-16,7.6,272,120,384,11.6,13.0
1902,2025-03-17,7.6,272,120,384,11.6,13.0
1903,2025-03-18,7.6,272,120,384,11.6,13.0
1904,2025-03-19,7.6,272,120,384,11.6,13.0
1905,2025-03-20,7.6,272,120,384,11.6,13.0
1906,2025-03-21,7.6,272,120,384,11.6,13.0
1907,2025-03-22,7.6,272,120,384,11.6,13.0
1908,2025-03-23,7.6,272,120,384,11.6,13.0
1909,2025-03-24,7.6,272,120,384,11.6,13.0
1910,2025-03-25,7.6,272,120,384,11.6,13.0
1911,2025-03-26,7.6,272,120,384,11.6,13.0
1912,2025-03-27,7.6,272,120,384,11.6,13.0
1913,2025-03-28,7.6,272,120,384,11.6,13.0
1914,2025-03-29,7.6,272,120,384,11.6,13.0
1915,2025-03-30,7.6,272,120,384,11.6,13.0
1916,2025-03-31,7.6,272,120,384,11.6,13.0
1917,2025-04-01,7.1,664,210,508,16.4,12.8
1918,2025-04-02,7.1,664,210,508,16.4,12.8
1919,2025-04-03,7.1,664,210,508,16.4,12.8
1920,2025-04-04,7.1,664,210,508,16.4,12.8
1921,2025-04-05,7.1,664,210,508,16.4,12.8
1922,2025-04-06,7.1,664,210,508,16.4,12.8
1923,2025-04-07,7.1,664,210,508,16.4,12.8
1924,2025-04-08,7.1,664,210,508,16.4,12.8
1925,2025-04-09,7.1,664,210,508,16.4,12.8
1926,2025-04-10,7.1,664,210,508,16.4,12.8
1927,2025-04-11,7.1,664,210,508,16.4,12.8
1928,2025-04-12,7.1,664,210,508,16.4,12.8
1929,2025-04-13,7.1,664,210,508,16.4,12.8
1930,2025-04-14,7.1,664,210,508,16.4,12.8
1931,2025-04-15,7.1,664,210,508,16.4,12.8
1932,2025-04-16,7.1,664,210,508,16.4,12.8
1933,2025-04-17,7.1,664,210,508,16.4,12.8
1934,2025-04-18,7.1,664,210,508,16.4,12.8
1935,2025-04-19,7.1,664,210,508,16.4,12.8
1936,2025-04-20,7.1,664,210,508,16.4,12.8
1937,2025-04-21,7.1,664,210,508,16.4,12.8
1938,2025-04-22,7.1,664,210,508,16.4,12.8
1939,2025-04-23,7.1,664,210,508,16.4,12.8
1940,2025-04-24,7.1,664,210,508,16.4,12.8
1941,2025-04-25,7.1,664,210,508,16.4,12.8
1942,2025-04-26,7.1,664,210,508,16.4,12.8
1943,2025-04-27,7.1,664,210,508,16.4,12.8
1944,2025-04-28,7.1,664,210,508,16.4,12.8
1945,2025-04-29,7.1,664,210,508,16.4,12.8
1946,2025-04-30,7.1,664,210,508,16.4,12.8
1947,2025-05-01,7.5,456,180,185,21.6,15.1
1948,2025-05-02,7.5,456,180,185,21.6,15.1
1949,2025-05-03,7.5,456,180,185,21.6,15.1
1950,2025-05-04,7.5,456,180,185,21.6,15.1
1951,2025-05-05,7.5,456,180,185,21.6,15.1
1952,2025-05-06,7.5,456,180,185,21.6,15.1
1953,2025-05-07,7.5,456,180,185,21.6,15.1
1954,2025-05-08,7.5,456,180,185,21.6,15.1
1955,2025-05-09,7.5,456,180,185,21.6,15.1
1956,2025-05-10,7.5,456,180,185,21.6,15.1
1957,2025-05-11,7.5,456,180,185,21.6,15.1
1958,2025-05-12,7.5,456,180,185,21.6,15.1
1959,2025-05-13,7.5,456,180,185,21.6,15.1
1960,2025-05-14,7.5,456,180,185,21.6,15.1
1961,2025-05-15,7.5,456,180,185,21.6,15.1
1962,2025-05-16,7.5,456,180,185,21.6,15.1
1963,2025-05-17,7.5,456,180,185,21.6,15.1
1964,2025-05-18,7.5,456,180,185,21.6,15.1
1965,2025-05-19,7.5,456,180,185,21.6,15.1
1966,2025-05-20,7.5,456,180,185,21.6,15.1
1967,2025-05-21,7.5,456,180,185,21.6,15.1
1968,2025-05-22,7.5,456,180,185,21.6,15.1
1969,2025-05-23,7.5,456,180,185,21.6,15.1
1970,2025-05-24,7.5,456,180,185,21.6,15.1
1971,2025-05-25,7.5,456,180,185,21.6,15.1
1972,2025-05-26,7.5,456,180,185,21.6,15.1
1973,2025-05-27,7.5,456,180,185,21.6,15.1
1974,2025-05-28,7.5,456,180,185,21.6,15.1
1975,2025-05-29,7.5,456,180,185,21.6,15.1
1976,2025-05-30,7.5,456,180,185,21.6,15.1
1977,2025-05-31,7.5,456,180,185,21.6,15.1
1978,2025-06-01,7.4,344,140,540,13.6,13.8
1979,2025-06-02,7.4,344,140,540,13.6,13.8
1980,2025-06-03,7.4,344,140,540,13.6,13.8
1981,2025-06-04,7.4,344,140,540,13.6,13.8
1982,2025-06-05,7.4,344,140,540,13.6,13.8
1983,2025-06-06,7.4,344,140,540,13.6,13.8
1984,2025-06-07,7.4,344,140,540,13.6,13.8
1985,2025-06-08,7.4,344,140,540,13.6,13.8
1986,2025-06-09,7.4,344,140,540,13.6,13.8
1987,2025-06-10,7.4,344,140,540,13.6,13.8
1988,2025-06-11,7.4,344,140,540,13.6,13.8
1989,2025-06-12,7.4,344,140,540,13.6,13.8
1990,2025-06-13,7.4,344,140,540,13.6,13.8
1991,2025-06-14,7.4,344,140,540,13.6,13.8
1992,2025-06-15,7.4,344,140,540,13.6,13.8
1993,2025-06-16,7.4,344,140,540,13.6,13.8
1994,2025-06-17,7.4,344,140,540,13.6,13.8
1995,2025-06-18,7.4,344,140,540,13.6,13.8
1996,2025-06-19,7.4,344,140,540,13.6,13.8
1997,2025-06-20,7.4,344,140,540,13.6,13.8
1998,2025-06-21,7.4,344,140,540,13.6,13.8
1999,2025-06-22,7.4,344,140,540,13.6,13.8
2000,2025-06-23,7.4,344,140,540,13.6,13.8
2001,2025-06-24,7.4,344,140,540,13.6,13.8
2002,2025-06-25,7.4,344,140,540,13.6,13.8
2003,2025-06-26,7.4,344,140,540,13.6,13.8
2004,2025-06-27,7.4,344,140,540,13.6,13.8
2005,2025-06-28,7.4,344,140,540,13.6,13.8
2006,2025-06-29,7.4,344,140,540,13.6,13.8
2007,2025-06-30,7.4,344,140,540,13.6,13.8
2008,2025-07-01,7.6,424,210,175,12.0,7.3
2009,2025-07-02,7.6,424,210,175,12.0,7.3
2010,2025-07-03,7.6,424,210,175,12.0,7.3
2011,2025-07-04,7.6,424,210,175,12.0,7.3
2012,2025-07-05,7.6,424,210,175,12.0,7.3
2013,2025-07-06,7.6,424,210,175,12.0,7.3
2014,2025-07-07,7.6,424,210,175,12.0,7.3
2015,2025-07-08,7.6,424,210,175,12.0,7.3
2016,2025-07-09,7.6,424,210,175,12.0,7.3
2017,2025-07-10,7.6,424,210,175,12.0,7.3
2018,2025-07-11,7.6,424,210,175,12.0,7.3
2019,2025-07-12,7.6,424,210,175,12.0,7.3
2020,2025-07-13,7.6,424,210,175,12.0,7.3
2021,2025-07-14,7.6,424,210,175,12.0,7.3
2022,2025-07-15,7.6,424,210,175,12.0,7.3
2023,2025-07-16,7.6,424,210,175,12.0,7.3
2024,2025-07-17,7.6,424,210,175,12.0,7.3
2025,2025-07-18,7.6,424,210,175,12.0,7.3
2026,2025-07-19,7.6,424,210,175,12.0,7.3
2027,2025-07-20,7.6,424,210,175,12.0,7.3
2028,2025-07-21,7.6,424,210,175,12.0,7.3
2029,2025-07-22,7.6,424,210,175,12.0,7.3
2030,2025-07-23,7.6,424,210,175,12.0,7.3
2031,2025-07-24,7.6,424,210,175,12.0,7.3
2032,2025-07-25,7.6,424,210,175,12.0,7.3
2033,2025-07-26,7.6,424,210,175,12.0,7.3
2034,2025-07-27,7.6,424,210,175,12.0,7.3
2035,2025-07-28,7.6,424,210,175,12.0,7.3
2036,2025-07-29,7.6,424,210,175,12.0,7.3
2037,2025-07-30,7.6,424,210,175,12.0,7.3
2038,2025-07-31,7.6,424,210,175,12.0,7.3
2039,2025-08-01,7.3,580,216,540,40.8,60.0
2040,2025-08-02,7.3,580,216,540,40.8,60.0
2041,2025-08-03,7.3,580,216,540,40.8,60.0
2042,2025-08-04,7.3,580,216,540,40.8,60.0
2043,2025-08-05,7.3,580,216,540,40.8,60.0
2044,2025-08-06,7.3,580,216,540,40.8,60.0
2045,2025-08-07,7.3,580,216,540,40.8,60.0
2046,2025-08-08,7.3,580,216,540,40.8,60.0
2047,2025-08-09,7.3,580,216,540,40.8,60.0
2048,2025-08-10,7.3,580,216,540,40.8,60.0
2049,2025-08-11,7.3,580,216,540,40.8,60.0
2050,2025-08-12,7.3,580,216,540,40.8,60.0
2051,2025-08-13,7.3,580,216,540,40.8,60.0
2052,2025-08-14,7.3,580,216,540,40.8,60.0
2053,2025-08-15,7.3,580,216,540,40.8,60.0
2054,2025-08-16,7.3,580,216,540,40.8,60.0
2055,2025-08-17,7.3,580,216,540,40.8,60.0
2056,2025-08-18,7.3,580,216,540,40.8,60.0
2057,2025-08-19,7.3,580,216,540,40.8,60.0
2058,2025-08-20,7.3,580,216,540,40.8,60.0
2059,2025-08-21,7.3,580,216,540,40.8,60.0
2060,2025-08-22,7.3,580,216,540,40.8,60.0
2061,2025-08-23,7.3,580,216,540,40.8,60.0
2062,2025-08-24,7.3,580,216,540,40.8,60.0
2063,2025-08-25,7.3,580,216,540,40.8,60.0
2064,2025-08-26,7.3,580,216,540,40.8,60.0
2065,2025-08-27,7.3,580,216,540,40.8,60.0
2066,2025-08-28,7.3,580,216,540,40.8,60.0
2067,2025-08-29,7.3,580,216,540,40.8,60.0
2068,2025-08-30,7.3,580,216,540,40.8,60.0
2069,2025-08-31,7.3,580,216,540,40.8,60.0
2070,2025-09-01,6.6,424,190,144,16.8,5.4
2071,2025-09-02,6.6,424,190,144,16.8,5.4
2072,2025-09-03,6.6,424,190,144,16.8,5.4
2073,2025-09-04,6.6,424,190,144,16.8,5.4
2074,2025-09-05,6.6,424,190,144,16.8,5.4
2075,2025-09-06,6.6,424,190,144,16.8,5.4
2076,2025-09-07,6.6,424,190,144,16.8,5.4
2077,2025-09-08,6.6,424,190,144,16.8,5.4
2078,2025-09-09,6.6,424,190,144,16.8,5.4
2079,2025-09-10,6.6,424,190,144,16.8,5.4
2080,2025-09-11,6.6,424,190,144,16.8,5.4
2081,2025-09-12,6.6,424,190,144,16.8,5.4
2082,2025-09-13,6.6,424,190,144,16.8,5.4
2083,2025-09-14,6.6,424,190,144,16.8,5.4
2084,2025-09-15,6.6,424,190,144,16.8,5.4
2085,2025-09-16,6.6,424,190,144,16.8,5.4
2086,2025-09-17,6.6,424,190,144,16.8,5.4
2087,2025-09-18,6.6,424,190,144,16.8,5.4
2088,2025-09-19,6.6,424,190,144,16.8,5.4
2089,2025-09-20,6.6,424,190,144,16.8,5.4
2090,2025-09-21,6.6,424,190,144,16.8,5.4
2091,2025-09-22,6.6,424,190,144,16.8,5.4
2092,2025-09-23,6.6,424,190,144,16.8,5.4
2093,2025-09-24,6.6,424,190,144,16.8,5.4
2094,2025-09-25,6.6,424,190,144,16.8,5.4
2095,2025-09-26,6.6,424,190,144,16.8,5.4
2096,2025-09-27,6.6,424,190,144,16.8,5.4
2097,2025-09-28,6.6,424,190,144,16.8,5.4
2098,2025-09-29,6.6,424,190,144,16.8,5.4
2099,2025-09-30,6.6,424,190,144,16.8,5.4
2100,2025-10-01,7.6,504,220,196,18.8,4.0
2101,2025-10-02,7.6,504,220,196,18.8,4.0
2102,2025-10-03,7.6,504,220,196,18.8,4.0
2103,2025-10-04,7.6,504,220,196,18.8,4.0
2104,2025-10-05,7.6,504,220,196,18.8,4.0
2105,2025-10-06,7.6,504,220,196,18.8,4.0
2106,2025-10-07,7.6,504,220,196,18.8,4.0
2107,2025-10-08,7.6,504,220,196,18.8,4.0
2108,2025-10-09,7.6,504,220,196,18.8,4.0
2109,2025-10-10,7.6,504,220,196,18.8,4.0
2110,2025-10-11,7.6,504,220,196,18.8,4.0
2111,2025-10-12,7.6,504,220,196,18.8,4.0
2112,2025-10-13,7.6,504,220,196,18.8,4.0
2113,2025-10-14,7.6,504,220,196,18.8,4.0
2114,2025-10-15,7.6,504,220,196,18.8,4.0
2115,2025-10-16,7.6,504,220,196,18.8,4.0
2116,2025-10-17,7.6,504,220,196,18.8,4.0
2117,2025-10-18,7.6,504,220,196,18.8,4.0
2118,2025-10-19,7.6,504,220,196,18.8,4.0
2119,2025-10-20,7.6,504,220,196,18.8,4.0
2120,2025-10-21,7.6,504,220,196,18.8,4.0
2121,2025-10-22,7.6,504,220,196,18.8,4.0
2122,2025-10-23,7.6,504,220,196,18.8,4.0
2123,2025-10-24,7.6,504,220,196,18.8,4.0
2124,2025-10-25,7.6,504,220,196,18.8,4.0
2125,2025-10-26,7.6,504,220,196,18.8,4.0
2126,2025-10-27,7.6,504,220,196,18.8,4.0
2127,2025-10-28,7.6,504,220,196,18.8,4.0
2128,2025-10-29,7.6,504,220,196,18.8,4.0
2129,2025-10-30,7.6,504,220,196,18.8,4.0
2130,2025-10-31,7.6,504,220,196,18.8,4.0
2131,2025-11-01,7.8,480,190,256,16.4,3.6
2132,2025-11-02,7.8,480,190,256,16.4,3.6
2133,2025-11-03,7.8,480,190,256,16.4,3.6
2134,2025-11-04,7.8,480,190,256,16.4,3.6
2135,2025-11-05,7.8,480,190,256,16.4,3.6
2136,2025-11-06,7.8,480,190,256,16.4,3.6
2137,2025-11-07,7.8,480,190,256,16.4,3.6
2138,2025-11-08,7.8,480,190,256,16.4,3.6
2139,2025-11-09,7.8,480,190,256,16.4,3.6
2140,2025-11-10,7.8,480,190,256,16.4,3.6
2141,2025-11-11,7.8,480,190,256,16.4,3.6
2142,2025-11-12,7.8,480,190,256,16.4,3.6
2143,2025-11-13,7.8,480,190,256,16.4,3.6
2144,2025-11-14,7.8,480,190,256,16.4,3.6
2145,2025-11-15,7.8,480,190,256,16.4,3.6
2146,2025-11-16,7.8,480,190,256,16.4,3.6
2147,2025-11-17,7.8,480,190,256,16.4,3.6
2148,2025-11-18,7.8,480,190,256,16.4,3.6
2149,2025-11-19,7.8,480,190,256,16.4,3.6
2150,2025-11-20,7.8,480,190,256,16.4,3.6
2151,2025-11-21,7.8,480,190,256,16.4,3.6
2152,2025-11-22,7.8,480,190,256,16.4,3.6
2153,2025-11-23,7.8,480,190,256,16.4,3.6
2154,2025-11-24,7.8,480,190,256,16.4,3.6
2155,2025-11-25,7.8,480,190,256,16.4,3.6
2156,2025-11-26,7.8,480,190,256,16.4,3.6
2157,2025-11-27,7.8,480,190,256,16.4,3.6
2158,2025-11-28,7.8,480,190,256,16.4,3.6
2159,2025-11-29,7.8,480,190,256,16.4,3.6
2160,2025-11-30,7.8,480,190,256,16.4,3.6
2161,2025-12-01,7.8,480,190,256,16.4,3.6
2162,2025-12-02,7.8,480,190,256,16.4,3.6
2163,2025-12-03,7.8,480,190,256,16.4,3.6
2164,2025-12-04,7.8,480,190,256,16.4,3.6
2165,2025-12-05,7.8,480,190,256,16.4,3.6
2166,2025-12-06,7.8,480,190,256,16.4,3.6
2167,2025-12-07,7.8,480,190,256,16.4,3.6
2168,2025-12-08,7.8,480,190,256,16.4,3.6
2169,2025-12-09,7.8,480,190,256,16.4,3.6
2170,2025-12-10,7.8,480,190,256,16.4,3.6
2171,2025-12-11,7.8,480,190,256,16.4,3.6
2172,2025-12-12,7.8,480,190,256,16.4,3.6
2173,2025-12-13,7.8,480,190,256,16.4,3.6
2174,2025-12-14,7.8,480,190,256,16.4,3.6
2175,2025-12-15,7.8,480,190,256,16.4,3.6
2176,2025-12-16,7.8,480,190,256,16.4,3.6
2177,2025-12-17,7.8,480,190,256,16.4,3.6
2178,2025-12-18,7.8,480,190,256,16.4,3.6
2179,2025-12-19,7.8,480,190,256,16.4,3.6
2180,2025-12-20,7.8,480,190,256,16.4,3.6
