Name,Date,Longitude,Latitude,NDCI,Chl-a Concentration (μg/L)
Point_1,2025-04-03,77.28124632830220,28.585997763127000,0.009451795841209840,3.573700850421480000
Point_1,2025-04-08,77.28124632830220,28.585997763127000,-0.0018214936247723000,3.0928229898408400000
Point_1,2025-04-13,77.28124632830220,28.585997763127000,0.05749128919860630,6.50130039242811000
Point_1,2025-04-18,77.28124632830220,28.585997763127000,0.10178571428571400,10.71246070069980000
Point_1,2025-04-20,77.28124632830220,28.585997763127000,0.2869822485207100,51.0151052691255000
Point_1,2025-04-23,77.28124632830220,28.585997763127000,0.15659340659340700,18.40418425136170000
Point_1,2025-04-28,77.28124632830220,28.585997763127000,0.07394766780432310,7.87900528068262000
Point_1,2025-05-10,77.28124632830220,28.585997763127000,0.054353562005277100,6.261961532878490000
Point_1,2025-05-13,77.28124632830220,28.585997763127000,0.060921248142644900,6.771310790154740000
Point_1,2025-05-18,77.28124632830220,28.585997763127000,0.06299911268855370,6.93919906241957000
Point_1,2025-05-23,77.28124632830220,28.585997763127000,0.04827586206896550,5.81878569013900000
Point_1,2025-06-02,77.28124632830220,28.585997763127000,0.06164757228587020,6.82962401710396000
Point_1,2025-06-07,77.28124632830220,28.585997763127000,0.022568093385214000,4.225198506068360000
Point_1,2025-06-12,77.28124632830220,28.585997763127000,0.058823529411764700,6.605128801139830000
,,,,,
Point_2,2025-04-03,77.26503261550740,28.597367457612800,0.028112449799196800,4.532181066479760000
Point_2,2025-04-08,77.26503261550740,28.597367457612800,0.04761904761904760,5.77247850124177000
Point_2,2025-04-13,77.26503261550740,28.597367457612800,0.08202764976958520,8.63398550991796000
Point_2,2025-04-18,77.26503261550740,28.597367457612800,0.10849909584086800,11.49738048957000000
Point_2,2025-04-20,77.26503261550740,28.597367457612800,0.19907407407407400,26.60029732302900000
Point_2,2025-04-23,77.26503261550740,28.597367457612800,0.09150326797385630,9.58861991999615000
Point_2,2025-04-28,77.26503261550740,28.597367457612800,0.06954436450839330,7.48973496767067000
Point_2,2025-05-10,77.26503261550740,28.597367457612800,0.05990783410138250,6.69061449632635000
Point_2,2025-05-13,77.26503261550740,28.597367457612800,0.07110438729198180,7.62588739939384000
Point_2,2025-05-18,77.26503261550740,28.597367457612800,0.06250000000000000,6.89857199707031000
Point_2,2025-05-23,77.26503261550740,28.597367457612800,0.07368421052631580,7.85528011033678000
Point_2,2025-06-02,77.26503261550740,28.597367457612800,0.07178082191780820,7.68552221100436000
Point_2,2025-06-07,77.26503261550740,28.597367457612800,0.07306273062730620,7.79953407608348000
Point_2,2025-06-12,77.26503261550740,28.597367457612800,0.06593951412989590,7.18241798718046000
,,,,,
Point_3,2025-04-03,77.29447003354680,28.573594156669500,0.04051172707889120,5.29073460735901000
Point_3,2025-04-08,77.29447003354680,28.573594156669500,0.03539823008849560,4.96556134374110000
Point_3,2025-04-13,77.29447003354680,28.573594156669500,0.060498220640569300,6.737531707760940000
Point_3,2025-04-18,77.29447003354680,28.573594156669500,0.15022222222222200,17.35214090276640000
Point_3,2025-04-20,77.29447003354680,28.573594156669500,0.31250000000000000,60.25165900878910000
Point_3,2025-04-23,77.29447003354680,28.573594156669500,0.23935389133627000,36.44561673285480000
Point_3,2025-04-28,77.29447003354680,28.573594156669500,0.09069767441860470,9.50448247188676000
Point_3,2025-05-10,77.29447003354680,28.573594156669500,0.05177514792899400,6.07068924155657000
Point_3,2025-05-13,77.29447003354680,28.573594156669500,0.08540372670807460,8.96540113960508000
Point_3,2025-05-18,77.29447003354680,28.573594156669500,0.22174288179465100,31.87731836609310000
Point_3,2025-05-23,77.29447003354680,28.573594156669500,0.025578562728380100,4.389481646840340000
Point_3,2025-06-02,77.29447003354680,28.573594156669500,0.07223476297968390,7.72574564966166000
Point_3,2025-06-07,77.29447003354680,28.573594156669500,0.10447761194029800,11.02225608269630000
Point_3,2025-06-12,77.29447003354680,28.573594156669500,0.049401976079043100,5.898894061023190000
,,,,,
Point_4,2025-04-03,77.29873212861520,28.562785120125000,0.1434659090909090,16.2840769649334000
Point_4,2025-04-08,77.29873212861520,28.562785120125000,0.0128388017118403,3.7321728574315000
Point_4,2025-04-13,77.29873212861520,28.562785120125000,0.048211508553654700,5.814235056517520000
Point_4,2025-04-18,77.29873212861520,28.562785120125000,0.1373976342129210,15.3656392316277000
Point_4,2025-04-20,77.29873212861520,28.562785120125000,0.26463104325699700,43.76084822426690000
Point_4,2025-04-23,77.29873212861520,28.562785120125000,0.20478325859491800,27.86733650312420000
Point_4,2025-04-28,77.29873212861520,28.562785120125000,0.03736542115262830,5.08857273676692000
Point_4,2025-05-10,77.29873212861520,28.562785120125000,0.012503189589181000,3.716172846137510000
Point_4,2025-05-13,77.29873212861520,28.562785120125000,0.08186687069625090,8.61843981892503000
Point_4,2025-05-18,77.29873212861520,28.562785120125000,0.3081761006289310,58.6125781801483000
Point_4,2025-05-23,77.29873212861520,28.562785120125000,0.11253561253561300,11.98932415374580000
Point_4,2025-06-02,77.29873212861520,28.562785120125000,0.055254604550379200,6.329948043748130000
Point_4,2025-06-07,77.29873212861520,28.562785120125000,0.136,15.159
Point_4,2025-06-12,77.29873212861520,28.562785120125000,0.08965517241379320,9.39643177347166000
,,,,,
Point_5,2025-04-03,77.30569666066480,28.563478960277800,0.13908872901678700,15.61775014834920000
Point_5,2025-04-08,77.30569666066480,28.563478960277800,0.03695652173913040,5.06279038339463000
Point_5,2025-04-13,77.30569666066480,28.563478960277800,0.04863221884498480,5.84403808779289000
Point_5,2025-04-18,77.30569666066480,28.563478960277800,0.10008554319931600,10.52016637630770000
Point_5,2025-04-20,77.30569666066480,28.563478960277800,0.11069767441860500,11.76344479239860000
Point_5,2025-04-23,77.30569666066480,28.563478960277800,0.15167785234899300,17.58862941825370000
Point_5,2025-04-28,77.30569666066480,28.563478960277800,0.030864197530864200,4.691800907556060000
Point_5,2025-05-10,77.30569666066480,28.563478960277800,0.18822292323869600,24.30358002327210000
Point_5,2025-05-13,77.30569666066480,28.563478960277800,0.057220708446866500,6.480374172747100000
Point_5,2025-05-18,77.30569666066480,28.563478960277800,0.25865209471766900,41.94730098328130000
Point_5,2025-05-23,77.30569666066480,28.563478960277800,0.17774343122102000,22.22061943719960000
Point_5,2025-06-02,77.30569666066480,28.563478960277800,0.05478799428299190,6.29466641253388000
Point_5,2025-06-07,77.30569666066480,28.563478960277800,0.2579821200510860,41.7473454292424000
Point_5,2025-06-12,77.30569666066480,28.563478960277800,0.0912565695174391,9.5627948308224900
,,,,,
Point_6,2025-04-03,77.3130142339366,28.556948390568100,0.003565970453387700,3.313869901158580000
Point_6,2025-04-08,77.3130142339366,28.556948390568100,0.03926096997690530,5.20956487106612000
Point_6,2025-04-13,77.3130142339366,28.556948390568100,0.05333333333333340,6.18569988219260000
Point_6,2025-04-18,77.3130142339366,28.556948390568100,0.0933572710951526,9.7843895325462600
Point_6,2025-04-20,77.3130142339366,28.556948390568100,0.1418002466091250,16.0281642455438000
Point_6,2025-04-23,77.3130142339366,28.556948390568100,0.1542461005199310,18.0114581637673000
Point_6,2025-04-28,77.3130142339366,28.556948390568100,0.06525573192239860,7.12526445796476000
Point_6,2025-05-10,77.3130142339366,28.556948390568100,0.027466415675536900,4.495411174923720000
Point_6,2025-05-13,77.3130142339366,28.556948390568100,0.09964664310954060,10.47094635775730000
Point_6,2025-05-18,77.3130142339366,28.556948390568100,0.4652241112828440,140.0394219689820000
Point_6,2025-05-23,77.3130142339366,28.556948390568100,0.10480233483682700,11.06007127907490000
Point_6,2025-06-02,77.3130142339366,28.556948390568100,0.06542056074766360,7.13900854598574000
Point_6,2025-06-07,77.3130142339366,28.556948390568100,0.1591096455070070,18.8318811127936000
Point_6,2025-06-12,77.3130142339366,28.556948390568100,0.1480388021931670,17.0016724953230000
,,,,,
Point_7,2025-04-03,77.30282446668360,28.553602915612600,0.012435991221653200,3.712977129699090000
Point_7,2025-04-08,77.30282446668360,28.553602915612600,0.06830122591943960,7.38261000192239000
Point_7,2025-04-13,77.30282446668360,28.553602915612600,0.08626639061421670,9.05162095851753000
Point_7,2025-04-18,77.30282446668360,28.553602915612600,0.1685185185185190,20.4935898568861000
Point_7,2025-04-20,77.30282446668360,28.553602915612600,0.39682539682539700,98.73812868220780000
Point_7,2025-04-23,77.30282446668360,28.553602915612600,0.2587209302325580,41.9678821779769000
Point_7,2025-04-28,77.30282446668360,28.553602915612600,0.08393285371702640,8.81983857412664000
Point_7,2025-05-10,77.30282446668360,28.553602915612600,0.04623513870541620,5.67590863917745000
Point_7,2025-05-13,77.30282446668360,28.553602915612600,0.06860706860706850,7.40885301203963000
Point_7,2025-05-18,77.30282446668360,28.553602915612600,0.4086589229144670,105.1993146028450000
Point_7,2025-05-23,77.30282446668360,28.553602915612600,0.09351145038167940,9.80080432780315000
Point_7,2025-06-02,77.30282446668360,28.553602915612600,0.06779661016949150,7.33947103939546000
Point_7,2025-06-07,77.30282446668360,28.553602915612600,0.22636103151862500,33.03465418103550000
Point_7,2025-06-12,77.30282446668360,28.553602915612600,0.06858846918489060,7.40725498660753000
,,,,,
Point_8,2025-04-03,77.31117287628930,28.547506089936300,0.1621621621621620,19.3601271553511000
Point_8,2025-04-08,77.31117287628930,28.547506089936300,0.11144130757800900,11.85445522444920000
Point_8,2025-04-13,77.31117287628930,28.547506089936300,0.09304426377597110,9.75112869303897000
Point_8,2025-04-18,77.31117287628930,28.547506089936300,0.21508664627930700,30.25894160679300000
Point_8,2025-04-20,77.31117287628930,28.547506089936300,0.037807183364839400,5.116553501091890000
Point_8,2025-04-23,77.31117287628930,28.547506089936300,0.3172541743970320,62.0894601386907000
Point_8,2025-04-28,77.31117287628930,28.547506089936300,0.06314243759177680,6.95090062787955000
Point_8,2025-05-10,77.31117287628930,28.547506089936300,0.05708460754332320,6.46986893833535000
Point_8,2025-05-13,77.31117287628930,28.547506089936300,0.10186513629842200,10.72150710829070000
Point_8,2025-05-18,77.31117287628930,28.547506089936300,0.6678321678321680,326.9390445595120000
Point_8,2025-05-23,77.31117287628930,28.547506089936300,0.22367275892080100,32.35749373329070000
Point_8,2025-06-02,77.31117287628930,28.547506089936300,0.08965517241379310,9.39643177347165000
Point_8,2025-06-07,77.31117287628930,28.547506089936300,0.1508379888268160,17.4519030915871000
Point_8,2025-06-12,77.31117287628930,28.547506089936300,0.12007168458781400,12.94891057681680000
,,,,,
Point_9,2025-04-03,77.31225936200380,28.550465024097300,0.08780487804878050,9.20695068735509000
Point_9,2025-04-08,77.31225936200380,28.550465024097300,0.14743589743589700,16.90579464450150000
Point_9,2025-04-13,77.31225936200380,28.550465024097300,0.07096774193548380,7.61388471476620000
Point_9,2025-04-18,77.31225936200380,28.550465024097300,0.1880341880341880,24.2649049072404000
Point_9,2025-04-20,77.31225936200380,28.550465024097300,0.17647058823529400,21.97646240586200000
Point_9,2025-04-23,77.31225936200380,28.550465024097300,0.2173913043478260,30.8126984959316000
Point_9,2025-04-28,77.31225936200380,28.550465024097300,0.04136572554169400,5.34676985952845000
Point_9,2025-05-10,77.31225936200380,28.550465024097300,0.15397350993377500,17.96624043980050000
Point_9,2025-05-13,77.31225936200380,28.550465024097300,0.0847262247838617,8.8981274072526800
Point_9,2025-05-18,77.31225936200380,28.550465024097300,0.7237464522232730,398.3125447798430000
Point_9,2025-05-23,77.31225936200380,28.550465024097300,0.2167235494880550,30.6515371346769000
Point_9,2025-06-02,77.31225936200380,28.550465024097300,0.13336739908022500,14.77662187782430000
Point_9,2025-06-07,77.31225936200380,28.550465024097300,0.17222723174030700,21.17611183347800000
Point_9,2025-06-12,77.31225936200380,28.550465024097300,0.1404369148461880,15.8208565855873000
,,,,0.379697993260988,89.8683949153662
,,,,Average,21.9721138600357