Date,mean_NDTI
2019-01-05,-0.062
2019-01-06,-0.061
2019-01-07,-0.06
2019-01-08,-0.059
2019-01-09,-0.058
2019-01-10,-0.057
2019-01-11,-0.05713
2019-01-12,-0.05727
2019-01-13,-0.0574
2019-01-14,-0.05753
2019-01-15,-0.05767
2019-01-16,-0.0578
2019-01-17,-0.05793
2019-01-18,-0.05807
2019-01-19,-0.0582
2019-01-20,-0.05833
2019-01-21,-0.05847
2019-01-22,-0.0586
2019-01-23,-0.05873
2019-01-24,-0.05887
2019-01-25,-0.059
2019-01-26,-0.05627
2019-01-27,-0.05353
2019-01-28,-0.0508
2019-01-29,-0.04807
2019-01-30,-0.04533
2019-01-31,-0.0426
2019-02-01,-0.03987
2019-02-02,-0.03713
2019-02-03,-0.0344
2019-02-04,-0.03167
2019-02-05,-0.02893
2019-02-06,-0.0262
2019-02-07,-0.02347
2019-02-08,-0.02073
2019-02-09,-0.018
2019-02-10,-0.02113
2019-02-11,-0.02427
2019-02-12,-0.0274
2019-02-13,-0.03053
2019-02-14,-0.03367
2019-02-15,-0.0368
2019-02-16,-0.03993
2019-02-17,-0.04307
2019-02-18,-0.0462
2019-02-19,-0.04933
2019-02-20,-0.05247
2019-02-21,-0.0556
2019-02-22,-0.05873
2019-02-23,-0.06187
2019-02-24,-0.065
2019-02-25,-0.0602
2019-02-26,-0.0554
2019-02-27,-0.0506
2019-02-28,-0.0458
2019-03-01,-0.041
2019-03-02,-0.0498
2019-03-03,-0.0586
2019-03-04,-0.0674
2019-03-05,-0.0762
2019-03-06,-0.085
2019-03-07,-0.0658
2019-03-08,-0.0466
2019-03-09,-0.0274
2019-03-10,-0.0082
2019-03-11,0.011
2019-03-12,-0.001
2019-03-13,-0.013
2019-03-14,-0.025
2019-03-15,-0.037
2019-03-16,-0.049
2019-03-17,-0.0512
2019-03-18,-0.0534
2019-03-19,-0.0556
2019-03-20,-0.0578
2019-03-21,-0.06
2019-03-22,-0.0438
2019-03-23,-0.0276
2019-03-24,-0.0114
2019-03-25,0.0048
2019-03-26,0.021
2019-03-27,0.0532
2019-03-28,0.0854
2019-03-29,0.1176
2019-03-30,0.1498
2019-03-31,0.182
2019-04-01,0.1408
2019-04-02,0.0996
2019-04-03,0.0584
2019-04-04,0.0172
2019-04-05,-0.024
2019-04-06,-0.0208
2019-04-07,-0.0176
2019-04-08,-0.0144
2019-04-09,-0.0112
2019-04-10,-0.008
2019-04-11,-0.0146
2019-04-12,-0.0212
2019-04-13,-0.0278
2019-04-14,-0.0344
2019-04-15,-0.041
2019-04-16,-0.051
2019-04-17,-0.061
2019-04-18,-0.071
2019-04-19,-0.081
2019-04-20,-0.091
2019-04-21,-0.0678
2019-04-22,-0.0446
2019-04-23,-0.0214
2019-04-24,0.0018
2019-04-25,0.025
2019-04-26,0.0222
2019-04-27,0.0194
2019-04-28,0.0166
2019-04-29,0.0138
2019-04-30,0.011
2019-05-01,-0.004
2019-05-02,-0.019
2019-05-03,-0.034
2019-05-04,-0.049
2019-05-05,-0.064
2019-05-06,-0.0554
2019-05-07,-0.0468
2019-05-08,-0.0382
2019-05-09,-0.0296
2019-05-10,-0.021
2019-05-11,-0.0209
2019-05-12,-0.0208
2019-05-13,-0.0207
2019-05-14,-0.0206
2019-05-15,-0.0205
2019-05-16,-0.0204
2019-05-17,-0.0203
2019-05-18,-0.0202
2019-05-19,-0.0201
2019-05-20,-0.02
2019-05-21,-0.0268
2019-05-22,-0.0336
2019-05-23,-0.0404
2019-05-24,-0.0472
2019-05-25,-0.054
2019-05-26,-0.0536
2019-05-27,-0.0532
2019-05-28,-0.0528
2019-05-29,-0.0524
2019-05-30,-0.052
2019-05-31,-0.0372
2019-06-01,-0.0224
2019-06-02,-0.0076
2019-06-03,0.0072
2019-06-04,0.022
2019-06-05,0.008
2019-06-06,-0.006
2019-06-07,-0.02
2019-06-08,-0.034
2019-06-09,-0.048
2019-06-10,-0.0334
2019-06-11,-0.0188
2019-06-12,-0.0042
2019-06-13,0.0104
2019-06-14,0.025
2019-06-15,0.02153
2019-06-16,0.01807
2019-06-17,0.0146
2019-06-18,0.01113
2019-06-19,0.00767
2019-06-20,0.0042
2019-06-21,0.00073
2019-06-22,-0.00273
2019-06-23,-0.0062
2019-06-24,-0.00967
2019-06-25,-0.01313
2019-06-26,-0.0166
2019-06-27,-0.02007
2019-06-28,-0.02353
2019-06-29,-0.027
2019-06-30,-0.02742
2019-07-01,-0.02785
2019-07-02,-0.02828
2019-07-03,-0.0287
2019-07-04,-0.02912
2019-07-05,-0.02955
2019-07-06,-0.02998
2019-07-07,-0.0304
2019-07-08,-0.03082
2019-07-09,-0.03125
2019-07-10,-0.03168
2019-07-11,-0.0321
2019-07-12,-0.03252
2019-07-13,-0.03295
2019-07-14,-0.03338
2019-07-15,-0.0338
2019-07-16,-0.03422
2019-07-17,-0.03465
2019-07-18,-0.03507
2019-07-19,-0.0355
2019-07-20,-0.03592
2019-07-21,-0.03635
2019-07-22,-0.03677
2019-07-23,-0.0372
2019-07-24,-0.03762
2019-07-25,-0.03805
2019-07-26,-0.03847
2019-07-27,-0.0389
2019-07-28,-0.03932
2019-07-29,-0.03975
2019-07-30,-0.04017
2019-07-31,-0.0406
2019-08-01,-0.04102
2019-08-02,-0.04145
2019-08-03,-0.04188
2019-08-04,-0.0423
2019-08-05,-0.04272
2019-08-06,-0.04315
2019-08-07,-0.04358
2019-08-08,-0.044
2019-08-09,-0.04147
2019-08-10,-0.03893
2019-08-11,-0.0364
2019-08-12,-0.03387
2019-08-13,-0.03133
2019-08-14,-0.0288
2019-08-15,-0.02627
2019-08-16,-0.02373
2019-08-17,-0.0212
2019-08-18,-0.01867
2019-08-19,-0.01613
2019-08-20,-0.0136
2019-08-21,-0.01107
2019-08-22,-0.00853
2019-08-23,-0.006
2019-08-24,-0.0176
2019-08-25,-0.0292
2019-08-26,-0.0408
2019-08-27,-0.0524
2019-08-28,-0.064
2019-08-29,-0.0686
2019-08-30,-0.0732
2019-08-31,-0.0778
2019-09-01,-0.0824
2019-09-02,-0.087
2019-09-03,-0.08657
2019-09-04,-0.08613
2019-09-05,-0.0857
2019-09-06,-0.08527
2019-09-07,-0.08483
2019-09-08,-0.0844
2019-09-09,-0.08397
2019-09-10,-0.08353
2019-09-11,-0.0831
2019-09-12,-0.08267
2019-09-13,-0.08223
2019-09-14,-0.0818
2019-09-15,-0.08137
2019-09-16,-0.08093
2019-09-17,-0.0805
2019-09-18,-0.08007
2019-09-19,-0.07963
2019-09-20,-0.0792
2019-09-21,-0.07877
2019-09-22,-0.07833
2019-09-23,-0.0779
2019-09-24,-0.07747
2019-09-25,-0.07703
2019-09-26,-0.0766
2019-09-27,-0.07617
2019-09-28,-0.07573
2019-09-29,-0.0753
2019-09-30,-0.07487
2019-10-01,-0.07443
2019-10-02,-0.074
2019-10-03,-0.0739
2019-10-04,-0.0738
2019-10-05,-0.0737
2019-10-06,-0.0736
2019-10-07,-0.0735
2019-10-08,-0.0734
2019-10-09,-0.0733
2019-10-10,-0.0732
2019-10-11,-0.0731
2019-10-12,-0.073
2019-10-13,-0.0694
2019-10-14,-0.0658
2019-10-15,-0.0622
2019-10-16,-0.0586
2019-10-17,-0.055
2019-10-18,-0.0581
2019-10-19,-0.0612
2019-10-20,-0.0643
2019-10-21,-0.0674
2019-10-22,-0.0705
2019-10-23,-0.0736
2019-10-24,-0.0767
2019-10-25,-0.0798
2019-10-26,-0.0829
2019-10-27,-0.086
2019-10-28,-0.0846
2019-10-29,-0.0832
2019-10-30,-0.0818
2019-10-31,-0.0804
2019-11-01,-0.079
2019-11-02,-0.0776
2019-11-03,-0.0762
2019-11-04,-0.0748
2019-11-05,-0.0734
2019-11-06,-0.072
2019-11-07,-0.0706
2019-11-08,-0.0692
2019-11-09,-0.0678
2019-11-10,-0.0664
2019-11-11,-0.065
2019-11-12,-0.0636
2019-11-13,-0.0622
2019-11-14,-0.0608
2019-11-15,-0.0594
2019-11-16,-0.058
2019-11-17,-0.05653
2019-11-18,-0.05507
2019-11-19,-0.0536
2019-11-20,-0.05213
2019-11-21,-0.05067
2019-11-22,-0.0492
2019-11-23,-0.04773
2019-11-24,-0.04627
2019-11-25,-0.0448
2019-11-26,-0.04333
2019-11-27,-0.04187
2019-11-28,-0.0404
2019-11-29,-0.03893
2019-11-30,-0.03747
2019-12-01,-0.036
2019-12-02,-0.03577
2019-12-03,-0.03554
2019-12-04,-0.03531
2019-12-05,-0.03509
2019-12-06,-0.03486
2019-12-07,-0.03463
2019-12-08,-0.0344
2019-12-09,-0.03417
2019-12-10,-0.03394
2019-12-11,-0.03371
2019-12-12,-0.03349
2019-12-13,-0.03326
2019-12-14,-0.03303
2019-12-15,-0.0328
2019-12-16,-0.03257
2019-12-17,-0.03234
2019-12-18,-0.03211
2019-12-19,-0.03189
2019-12-20,-0.03166
2019-12-21,-0.03143
2019-12-22,-0.0312
2019-12-23,-0.03097
2019-12-24,-0.03074
2019-12-25,-0.03051
2019-12-26,-0.03029
2019-12-27,-0.03006
2019-12-28,-0.02983
2019-12-29,-0.0296
2019-12-30,-0.02937
2019-12-31,-0.02914
2020-01-01,-0.02891
2020-01-02,-0.02869
2020-01-03,-0.02846
2020-01-04,-0.02823
2020-01-05,-0.028
2020-01-06,-0.0228
2020-01-07,-0.0176
2020-01-08,-0.0124
2020-01-09,-0.0072
2020-01-10,-0.002
2020-01-11,-0.015
2020-01-12,-0.028
2020-01-13,-0.041
2020-01-14,-0.054
2020-01-15,-0.067
2020-01-16,-0.0663
2020-01-17,-0.0656
2020-01-18,-0.0649
2020-01-19,-0.0642
2020-01-20,-0.0635
2020-01-21,-0.0628
2020-01-22,-0.0621
2020-01-23,-0.0614
2020-01-24,-0.0607
2020-01-25,-0.06
2020-01-26,-0.0602
2020-01-27,-0.0604
2020-01-28,-0.0606
2020-01-29,-0.0608
2020-01-30,-0.061
2020-01-31,-0.055
2020-02-01,-0.049
2020-02-02,-0.043
2020-02-03,-0.037
2020-02-04,-0.031
2020-02-05,-0.0322
2020-02-06,-0.0334
2020-02-07,-0.0346
2020-02-08,-0.0358
2020-02-09,-0.037
2020-02-10,-0.0358
2020-02-11,-0.0346
2020-02-12,-0.0334
2020-02-13,-0.0322
2020-02-14,-0.031
2020-02-15,-0.0353
2020-02-16,-0.0396
2020-02-17,-0.0439
2020-02-18,-0.0482
2020-02-19,-0.0525
2020-02-20,-0.0568
2020-02-21,-0.0611
2020-02-22,-0.0654
2020-02-23,-0.0697
2020-02-24,-0.074
2020-02-25,-0.0722
2020-02-26,-0.0704
2020-02-27,-0.0686
2020-02-28,-0.0668
2020-02-29,-0.065
2020-03-01,-0.0632
2020-03-02,-0.0614
2020-03-03,-0.0596
2020-03-04,-0.0578
2020-03-05,-0.056
2020-03-06,-0.0542
2020-03-07,-0.0524
2020-03-08,-0.0506
2020-03-09,-0.0488
2020-03-10,-0.047
2020-03-11,-0.049
2020-03-12,-0.051
2020-03-13,-0.053
2020-03-14,-0.055
2020-03-15,-0.057
2020-03-16,-0.0517
2020-03-17,-0.0464
2020-03-18,-0.0411
2020-03-19,-0.0358
2020-03-20,-0.0305
2020-03-21,-0.0252
2020-03-22,-0.0199
2020-03-23,-0.0146
2020-03-24,-0.0093
2020-03-25,-0.004
2020-03-26,-0.0142
2020-03-27,-0.0244
2020-03-28,-0.0346
2020-03-29,-0.0448
2020-03-30,-0.055
2020-03-31,-0.057
2020-04-01,-0.059
2020-04-02,-0.061
2020-04-03,-0.063
2020-04-04,-0.065
2020-04-05,-0.06547
2020-04-06,-0.06593
2020-04-07,-0.0664
2020-04-08,-0.06687
2020-04-09,-0.06733
2020-04-10,-0.0678
2020-04-11,-0.06827
2020-04-12,-0.06873
2020-04-13,-0.0692
2020-04-14,-0.06967
2020-04-15,-0.07013
2020-04-16,-0.0706
2020-04-17,-0.07107
2020-04-18,-0.07153
2020-04-19,-0.072
2020-04-20,-0.0754
2020-04-21,-0.0788
2020-04-22,-0.0822
2020-04-23,-0.0856
2020-04-24,-0.089
2020-04-25,-0.0894
2020-04-26,-0.0898
2020-04-27,-0.0902
2020-04-28,-0.0906
2020-04-29,-0.091
2020-04-30,-0.0859
2020-05-01,-0.0808
2020-05-02,-0.0757
2020-05-03,-0.0706
2020-05-04,-0.0655
2020-05-05,-0.0604
2020-05-06,-0.0553
2020-05-07,-0.0502
2020-05-08,-0.0451
2020-05-09,-0.04
2020-05-10,-0.0442
2020-05-11,-0.0484
2020-05-12,-0.0526
2020-05-13,-0.0568
2020-05-14,-0.061
2020-05-15,-0.063
2020-05-16,-0.065
2020-05-17,-0.067
2020-05-18,-0.069
2020-05-19,-0.071
2020-05-20,-0.073
2020-05-21,-0.075
2020-05-22,-0.077
2020-05-23,-0.079
2020-05-24,-0.081
2020-05-25,-0.0854
2020-05-26,-0.0898
2020-05-27,-0.0942
2020-05-28,-0.0986
2020-05-29,-0.103
2020-05-30,-0.1074
2020-05-31,-0.1118
2020-06-01,-0.1162
2020-06-02,-0.1206
2020-06-03,-0.125
2020-06-04,-0.1284
2020-06-05,-0.1318
2020-06-06,-0.1352
2020-06-07,-0.1386
2020-06-08,-0.142
2020-06-09,-0.1258
2020-06-10,-0.1096
2020-06-11,-0.0934
2020-06-12,-0.0772
2020-06-13,-0.061
2020-06-14,-0.0638
2020-06-15,-0.0666
2020-06-16,-0.0694
2020-06-17,-0.0722
2020-06-18,-0.075
2020-06-19,-0.07487
2020-06-20,-0.07473
2020-06-21,-0.0746
2020-06-22,-0.07447
2020-06-23,-0.07433
2020-06-24,-0.0742
2020-06-25,-0.07407
2020-06-26,-0.07393
2020-06-27,-0.0738
2020-06-28,-0.07367
2020-06-29,-0.07353
2020-06-30,-0.0734
2020-07-01,-0.07327
2020-07-02,-0.07313
2020-07-03,-0.073
2020-07-04,-0.072
2020-07-05,-0.071
2020-07-06,-0.07
2020-07-07,-0.069
2020-07-08,-0.068
2020-07-09,-0.067
2020-07-10,-0.066
2020-07-11,-0.065
2020-07-12,-0.064
2020-07-13,-0.063
2020-07-14,-0.06335
2020-07-15,-0.0637
2020-07-16,-0.06405
2020-07-17,-0.0644
2020-07-18,-0.06475
2020-07-19,-0.0651
2020-07-20,-0.06545
2020-07-21,-0.0658
2020-07-22,-0.06615
2020-07-23,-0.0665
2020-07-24,-0.06685
2020-07-25,-0.0672
2020-07-26,-0.06755
2020-07-27,-0.0679
2020-07-28,-0.06825
2020-07-29,-0.0686
2020-07-30,-0.06895
2020-07-31,-0.0693
2020-08-01,-0.06965
2020-08-02,-0.07
2020-08-03,-0.07195
2020-08-04,-0.0739
2020-08-05,-0.07585
2020-08-06,-0.0778
2020-08-07,-0.07975
2020-08-08,-0.0817
2020-08-09,-0.08365
2020-08-10,-0.0856
2020-08-11,-0.08755
2020-08-12,-0.0895
2020-08-13,-0.09145
2020-08-14,-0.0934
2020-08-15,-0.09535
2020-08-16,-0.0973
2020-08-17,-0.09925
2020-08-18,-0.1012
2020-08-19,-0.10315
2020-08-20,-0.1051
2020-08-21,-0.10705
2020-08-22,-0.109
2020-08-23,-0.11095
2020-08-24,-0.1129
2020-08-25,-0.11485
2020-08-26,-0.1168
2020-08-27,-0.11875
2020-08-28,-0.1207
2020-08-29,-0.12265
2020-08-30,-0.1246
2020-08-31,-0.12655
2020-09-01,-0.1285
2020-09-02,-0.13045
2020-09-03,-0.1324
2020-09-04,-0.13435
2020-09-05,-0.1363
2020-09-06,-0.13825
2020-09-07,-0.1402
2020-09-08,-0.14215
2020-09-09,-0.1441
2020-09-10,-0.14605
2020-09-11,-0.148
2020-09-12,-0.1412
2020-09-13,-0.1344
2020-09-14,-0.1276
2020-09-15,-0.1208
2020-09-16,-0.114
2020-09-17,-0.1126
2020-09-18,-0.1112
2020-09-19,-0.1098
2020-09-20,-0.1084
2020-09-21,-0.107
2020-09-22,-0.0942
2020-09-23,-0.0814
2020-09-24,-0.0686
2020-09-25,-0.0558
2020-09-26,-0.043
2020-09-27,-0.044
2020-09-28,-0.045
2020-09-29,-0.046
2020-09-30,-0.047
2020-10-01,-0.048
2020-10-02,-0.0522
2020-10-03,-0.0564
2020-10-04,-0.0606
2020-10-05,-0.0648
2020-10-06,-0.069
2020-10-07,-0.0672
2020-10-08,-0.0654
2020-10-09,-0.0636
2020-10-10,-0.0618
2020-10-11,-0.06
2020-10-12,-0.0634
2020-10-13,-0.0668
2020-10-14,-0.0702
2020-10-15,-0.0736
2020-10-16,-0.077
2020-10-17,-0.051
2020-10-18,-0.025
2020-10-19,0.001
2020-10-20,0.027
2020-10-21,0.053
2020-10-22,0.0284
2020-10-23,0.0038
2020-10-24,-0.0208
2020-10-25,-0.0454
2020-10-26,-0.07
2020-10-27,-0.0678
2020-10-28,-0.0656
2020-10-29,-0.0634
2020-10-30,-0.0612
2020-10-31,-0.059
2020-11-01,-0.0662
2020-11-02,-0.0734
2020-11-03,-0.0806
2020-11-04,-0.0878
2020-11-05,-0.095
2020-11-06,-0.082
2020-11-07,-0.069
2020-11-08,-0.056
2020-11-09,-0.043
2020-11-10,-0.03
2020-11-11,-0.0392
2020-11-12,-0.0484
2020-11-13,-0.0576
2020-11-14,-0.0668
2020-11-15,-0.076
2020-11-16,-0.0744
2020-11-17,-0.0728
2020-11-18,-0.0712
2020-11-19,-0.0696
2020-11-20,-0.068
2020-11-21,-0.0679
2020-11-22,-0.0678
2020-11-23,-0.0677
2020-11-24,-0.0676
2020-11-25,-0.0675
2020-11-26,-0.0674
2020-11-27,-0.0673
2020-11-28,-0.0672
2020-11-29,-0.0671
2020-11-30,-0.067
2020-12-01,-0.0652
2020-12-02,-0.0634
2020-12-03,-0.0616
2020-12-04,-0.0598
2020-12-05,-0.058
2020-12-06,-0.0558
2020-12-07,-0.0536
2020-12-08,-0.0514
2020-12-09,-0.0492
2020-12-10,-0.047
2020-12-11,-0.0488
2020-12-12,-0.0506
2020-12-13,-0.0524
2020-12-14,-0.0542
2020-12-15,-0.056
2020-12-16,-0.0534
2020-12-17,-0.0508
2020-12-18,-0.0482
2020-12-19,-0.0456
2020-12-20,-0.043
2020-12-21,-0.045
2020-12-22,-0.047
2020-12-23,-0.049
2020-12-24,-0.051
2020-12-25,-0.053
2020-12-26,-0.05324
2020-12-27,-0.05348
2020-12-28,-0.05372
2020-12-29,-0.05396
2020-12-30,-0.0542
2020-12-31,-0.05444
2021-01-01,-0.05468
2021-01-02,-0.05492
2021-01-03,-0.05516
2021-01-04,-0.0554
2021-01-05,-0.05564
2021-01-06,-0.05588
2021-01-07,-0.05612
2021-01-08,-0.05636
2021-01-09,-0.0566
2021-01-10,-0.05684
2021-01-11,-0.05708
2021-01-12,-0.05732
2021-01-13,-0.05756
2021-01-14,-0.0578
2021-01-15,-0.05804
2021-01-16,-0.05828
2021-01-17,-0.05852
2021-01-18,-0.05876
2021-01-19,-0.059
2021-01-20,-0.05725
2021-01-21,-0.0555
2021-01-22,-0.05375
2021-01-23,-0.052
2021-01-24,-0.05025
2021-01-25,-0.0485
2021-01-26,-0.04675
2021-01-27,-0.045
2021-01-28,-0.04325
2021-01-29,-0.0415
2021-01-30,-0.03975
2021-01-31,-0.038
2021-02-01,-0.03625
2021-02-02,-0.0345
2021-02-03,-0.03275
2021-02-04,-0.031
2021-02-05,-0.02925
2021-02-06,-0.0275
2021-02-07,-0.02575
2021-02-08,-0.024
2021-02-09,-0.0252
2021-02-10,-0.0264
2021-02-11,-0.0276
2021-02-12,-0.0288
2021-02-13,-0.03
2021-02-14,-0.0312
2021-02-15,-0.0324
2021-02-16,-0.0336
2021-02-17,-0.0348
2021-02-18,-0.036
2021-02-19,-0.037
2021-02-20,-0.038
2021-02-21,-0.039
2021-02-22,-0.04
2021-02-23,-0.041
2021-02-24,-0.0246
2021-02-25,-0.0082
2021-02-26,0.0082
2021-02-27,0.0246
2021-02-28,0.041
2021-03-01,0.0256
2021-03-02,0.0102
2021-03-03,-0.0052
2021-03-04,-0.0206
2021-03-05,-0.036
2021-03-06,-0.0271
2021-03-07,-0.0182
2021-03-08,-0.0093
2021-03-09,-0.0004
2021-03-10,0.0085
2021-03-11,0.0184
2021-03-12,0.0283
2021-03-13,0.0382
2021-03-14,0.0481
2021-03-15,0.058
2021-03-16,0.046
2021-03-17,0.034
2021-03-18,0.022
2021-03-19,0.01
2021-03-20,-0.002
2021-03-21,-0.0023
2021-03-22,-0.0026
2021-03-23,-0.0029
2021-03-24,-0.0032
2021-03-25,-0.0035
2021-03-26,-0.0038
2021-03-27,-0.0041
2021-03-28,-0.0044
2021-03-29,-0.0047
2021-03-30,-0.005
2021-03-31,-0.0164
2021-04-01,-0.0278
2021-04-02,-0.0392
2021-04-03,-0.0506
2021-04-04,-0.062
2021-04-05,-0.0528
2021-04-06,-0.0436
2021-04-07,-0.0344
2021-04-08,-0.0252
2021-04-09,-0.016
2021-04-10,0.0166
2021-04-11,0.0492
2021-04-12,0.0818
2021-04-13,0.1144
2021-04-14,0.147
2021-04-15,0.111
2021-04-16,0.075
2021-04-17,0.039
2021-04-18,0.003
2021-04-19,-0.033
2021-04-20,-0.0372
2021-04-21,-0.0414
2021-04-22,-0.0456
2021-04-23,-0.0498
2021-04-24,-0.054
2021-04-25,-0.0444
2021-04-26,-0.0348
2021-04-27,-0.0252
2021-04-28,-0.0156
2021-04-29,-0.006
2021-04-30,-0.0114
2021-05-01,-0.0168
2021-05-02,-0.0222
2021-05-03,-0.0276
2021-05-04,-0.033
2021-05-05,-0.0384
2021-05-06,-0.0438
2021-05-07,-0.0492
2021-05-08,-0.0546
2021-05-09,-0.06
2021-05-10,-0.0582
2021-05-11,-0.0564
2021-05-12,-0.0546
2021-05-13,-0.0528
2021-05-14,-0.051
2021-05-15,-0.0514
2021-05-16,-0.0518
2021-05-17,-0.0522
2021-05-18,-0.0526
2021-05-19,-0.053
2021-05-20,-0.0534
2021-05-21,-0.0538
2021-05-22,-0.0542
2021-05-23,-0.0546
2021-05-24,-0.055
2021-05-25,-0.0414
2021-05-26,-0.0278
2021-05-27,-0.0142
2021-05-28,-0.0006
2021-05-29,0.013
2021-05-30,-0.0086
2021-05-31,-0.0302
2021-06-01,-0.0518
2021-06-02,-0.0734
2021-06-03,-0.095
2021-06-04,-0.0834
2021-06-05,-0.0718
2021-06-06,-0.0602
2021-06-07,-0.0486
2021-06-08,-0.037
2021-06-09,-0.03853
2021-06-10,-0.04007
2021-06-11,-0.0416
2021-06-12,-0.04313
2021-06-13,-0.04467
2021-06-14,-0.0462
2021-06-15,-0.04773
2021-06-16,-0.04927
2021-06-17,-0.0508
2021-06-18,-0.05233
2021-06-19,-0.05387
2021-06-20,-0.0554
2021-06-21,-0.05693
2021-06-22,-0.05847
2021-06-23,-0.06
2021-06-24,-0.067
2021-06-25,-0.074
2021-06-26,-0.081
2021-06-27,-0.088
2021-06-28,-0.095
2021-06-29,-0.09307
2021-06-30,-0.09113
2021-07-01,-0.0892
2021-07-02,-0.08727
2021-07-03,-0.08533
2021-07-04,-0.0834
2021-07-05,-0.08147
2021-07-06,-0.07953
2021-07-07,-0.0776
2021-07-08,-0.07567
2021-07-09,-0.07373
2021-07-10,-0.0718
2021-07-11,-0.06987
2021-07-12,-0.06793
2021-07-13,-0.066
2021-07-14,-0.06407
2021-07-15,-0.06213
2021-07-16,-0.0602
2021-07-17,-0.05827
2021-07-18,-0.05633
2021-07-19,-0.0544
2021-07-20,-0.05247
2021-07-21,-0.05053
2021-07-22,-0.0486
2021-07-23,-0.04667
2021-07-24,-0.04473
2021-07-25,-0.0428
2021-07-26,-0.04087
2021-07-27,-0.03893
2021-07-28,-0.037
2021-07-29,-0.03507
2021-07-30,-0.03313
2021-07-31,-0.0312
2021-08-01,-0.02927
2021-08-02,-0.02733
2021-08-03,-0.0254
2021-08-04,-0.02347
2021-08-05,-0.02153
2021-08-06,-0.0196
2021-08-07,-0.01767
2021-08-08,-0.01573
2021-08-09,-0.0138
2021-08-10,-0.01187
2021-08-11,-0.00993
2021-08-12,-0.008
2021-08-13,-0.0254
2021-08-14,-0.0428
2021-08-15,-0.0602
2021-08-16,-0.0776
2021-08-17,-0.095
2021-08-18,-0.0948
2021-08-19,-0.0946
2021-08-20,-0.0944
2021-08-21,-0.0942
2021-08-22,-0.094
2021-08-23,-0.0938
2021-08-24,-0.0936
2021-08-25,-0.0934
2021-08-26,-0.0932
2021-08-27,-0.093
2021-08-28,-0.0928
2021-08-29,-0.0926
2021-08-30,-0.0924
2021-08-31,-0.0922
2021-09-01,-0.092
2021-09-02,-0.0918
2021-09-03,-0.0916
2021-09-04,-0.0914
2021-09-05,-0.0912
2021-09-06,-0.091
2021-09-07,-0.0908
2021-09-08,-0.0906
2021-09-09,-0.0904
2021-09-10,-0.0902
2021-09-11,-0.09
2021-09-12,-0.0898
2021-09-13,-0.0896
2021-09-14,-0.0894
2021-09-15,-0.0892
2021-09-16,-0.089
2021-09-17,-0.0888
2021-09-18,-0.0886
2021-09-19,-0.0884
2021-09-20,-0.0882
2021-09-21,-0.088
2021-09-22,-0.0878
2021-09-23,-0.0876
2021-09-24,-0.0874
2021-09-25,-0.0872
2021-09-26,-0.087
2021-09-27,-0.0868
2021-09-28,-0.0866
2021-09-29,-0.0864
2021-09-30,-0.0862
2021-10-01,-0.086
2021-10-02,-0.0858
2021-10-03,-0.0856
2021-10-04,-0.0854
2021-10-05,-0.0852
2021-10-06,-0.085
2021-10-07,-0.106
2021-10-08,-0.127
2021-10-09,-0.148
2021-10-10,-0.169
2021-10-11,-0.19
2021-10-12,-0.1712
2021-10-13,-0.1524
2021-10-14,-0.1336
2021-10-15,-0.1148
2021-10-16,-0.096
2021-10-17,-0.0886
2021-10-18,-0.0812
2021-10-19,-0.0738
2021-10-20,-0.0664
2021-10-21,-0.059
2021-10-22,-0.056
2021-10-23,-0.053
2021-10-24,-0.05
2021-10-25,-0.047
2021-10-26,-0.044
2021-10-27,-0.0374
2021-10-28,-0.0308
2021-10-29,-0.0242
2021-10-30,-0.0176
2021-10-31,-0.011
2021-11-01,-0.018
2021-11-02,-0.025
2021-11-03,-0.032
2021-11-04,-0.039
2021-11-05,-0.046
2021-11-06,-0.053
2021-11-07,-0.06
2021-11-08,-0.067
2021-11-09,-0.074
2021-11-10,-0.081
2021-11-11,-0.0772
2021-11-12,-0.0734
2021-11-13,-0.0696
2021-11-14,-0.0658
2021-11-15,-0.062
2021-11-16,-0.0154
2021-11-17,0.0312
2021-11-18,0.0778
2021-11-19,0.1244
2021-11-20,0.171
2021-11-21,0.2176
2021-11-22,0.2642
2021-11-23,0.3108
2021-11-24,0.3574
2021-11-25,0.404
2021-11-26,0.37507
2021-11-27,0.34613
2021-11-28,0.3172
2021-11-29,0.28827
2021-11-30,0.25933
2021-12-01,0.2304
2021-12-02,0.20147
2021-12-03,0.17253
2021-12-04,0.1436
2021-12-05,0.11467
2021-12-06,0.08573
2021-12-07,0.0568
2021-12-08,0.02787
2021-12-09,-0.00107
2021-12-10,-0.03
2021-12-11,-0.0318
2021-12-12,-0.0336
2021-12-13,-0.0354
2021-12-14,-0.0372
2021-12-15,-0.039
2021-12-16,-0.0332
2021-12-17,-0.0274
2021-12-18,-0.0216
2021-12-19,-0.0158
2021-12-20,-0.01
2021-12-21,-0.016
2021-12-22,-0.022
2021-12-23,-0.028
2021-12-24,-0.034
2021-12-25,-0.04
2021-12-26,-0.03977
2021-12-27,-0.03954
2021-12-28,-0.03931
2021-12-29,-0.03909
2021-12-30,-0.03886
2021-12-31,-0.03863
2022-01-01,-0.0384
2022-01-02,-0.03817
2022-01-03,-0.03794
2022-01-04,-0.03771
2022-01-05,-0.03749
2022-01-06,-0.03726
2022-01-07,-0.03703
2022-01-08,-0.0368
2022-01-09,-0.03657
2022-01-10,-0.03634
2022-01-11,-0.03611
2022-01-12,-0.03589
2022-01-13,-0.03566
2022-01-14,-0.03543
2022-01-15,-0.0352
2022-01-16,-0.03497
2022-01-17,-0.03474
2022-01-18,-0.03451
2022-01-19,-0.03429
2022-01-20,-0.03406
2022-01-21,-0.03383
2022-01-22,-0.0336
2022-01-23,-0.03337
2022-01-24,-0.03314
2022-01-25,-0.03291
2022-01-26,-0.03269
2022-01-27,-0.03246
2022-01-28,-0.03223
2022-01-29,-0.032
2022-01-30,-0.0294
2022-01-31,-0.0268
2022-02-01,-0.0242
2022-02-02,-0.0216
2022-02-03,-0.019
2022-02-04,-0.0164
2022-02-05,-0.0138
2022-02-06,-0.0112
2022-02-07,-0.0086
2022-02-08,-0.006
2022-02-09,-0.012
2022-02-10,-0.018
2022-02-11,-0.024
2022-02-12,-0.03
2022-02-13,-0.036
2022-02-14,-0.0392
2022-02-15,-0.0424
2022-02-16,-0.0456
2022-02-17,-0.0488
2022-02-18,-0.052
2022-02-19,-0.0539
2022-02-20,-0.0558
2022-02-21,-0.0577
2022-02-22,-0.0596
2022-02-23,-0.0615
2022-02-24,-0.0634
2022-02-25,-0.0653
2022-02-26,-0.0672
2022-02-27,-0.0691
2022-02-28,-0.071
2022-03-01,-0.0674
2022-03-02,-0.0638
2022-03-03,-0.0602
2022-03-04,-0.0566
2022-03-05,-0.053
2022-03-06,-0.0406
2022-03-07,-0.0282
2022-03-08,-0.0158
2022-03-09,-0.0034
2022-03-10,0.009
2022-03-11,0.0342
2022-03-12,0.0594
2022-03-13,0.0846
2022-03-14,0.1098
2022-03-15,0.135
2022-03-16,0.11
2022-03-17,0.085
2022-03-18,0.06
2022-03-19,0.035
2022-03-20,0.01
2022-03-21,0.0038
2022-03-22,-0.0024
2022-03-23,-0.0086
2022-03-24,-0.0148
2022-03-25,-0.021
2022-03-26,-0.0204
2022-03-27,-0.0198
2022-03-28,-0.0192
2022-03-29,-0.0186
2022-03-30,-0.018
2022-03-31,-0.0114
2022-04-01,-0.0048
2022-04-02,0.0018
2022-04-03,0.0084
2022-04-04,0.015
2022-04-05,0.0026
2022-04-06,-0.0098
2022-04-07,-0.0222
2022-04-08,-0.0346
2022-04-09,-0.047
2022-04-10,-0.0304
2022-04-11,-0.0138
2022-04-12,0.0028
2022-04-13,0.0194
2022-04-14,0.036
2022-04-15,0.0366
2022-04-16,0.0372
2022-04-17,0.0378
2022-04-18,0.0384
2022-04-19,0.039
2022-04-20,0.0344
2022-04-21,0.0298
2022-04-22,0.0252
2022-04-23,0.0206
2022-04-24,0.016
2022-04-25,0.0256
2022-04-26,0.0352
2022-04-27,0.0448
2022-04-28,0.0544
2022-04-29,0.064
2022-04-30,0.0696
2022-05-01,0.0752
2022-05-02,0.0808
2022-05-03,0.0864
2022-05-04,0.092
2022-05-05,0.1158
2022-05-06,0.1396
2022-05-07,0.1634
2022-05-08,0.1872
2022-05-09,0.211
2022-05-10,0.1636
2022-05-11,0.1162
2022-05-12,0.0688
2022-05-13,0.0214
2022-05-14,-0.026
2022-05-15,-0.0122
2022-05-16,0.0016
2022-05-17,0.0154
2022-05-18,0.0292
2022-05-19,0.043
2022-05-20,0.0408
2022-05-21,0.0386
2022-05-22,0.0364
2022-05-23,0.0342
2022-05-24,0.032
2022-05-25,0.0298
2022-05-26,0.0276
2022-05-27,0.0254
2022-05-28,0.0232
2022-05-29,0.021
2022-05-30,0.0062
2022-05-31,-0.0086
2022-06-01,-0.0234
2022-06-02,-0.0382
2022-06-03,-0.053
2022-06-04,-0.0396
2022-06-05,-0.0262
2022-06-06,-0.0128
2022-06-07,0.0006
2022-06-08,0.014
2022-06-09,0.015
2022-06-10,0.016
2022-06-11,0.017
2022-06-12,0.018
2022-06-13,0.019
2022-06-14,0.02
2022-06-15,0.021
2022-06-16,0.022
2022-06-17,0.023
2022-06-18,0.024
2022-06-19,0.025
2022-06-20,0.026
2022-06-21,0.027
2022-06-22,0.028
2022-06-23,0.029
2022-06-24,0.0216
2022-06-25,0.0142
2022-06-26,0.0068
2022-06-27,-0.0006
2022-06-28,-0.008
2022-06-29,-0.0154
2022-06-30,-0.0228
2022-07-01,-0.0302
2022-07-02,-0.0376
2022-07-03,-0.045
2022-07-04,-0.0524
2022-07-05,-0.0598
2022-07-06,-0.0672
2022-07-07,-0.0746
2022-07-08,-0.082
2022-07-09,-0.08058
2022-07-10,-0.07916
2022-07-11,-0.07774
2022-07-12,-0.07632
2022-07-13,-0.0749
2022-07-14,-0.07348
2022-07-15,-0.07206
2022-07-16,-0.07064
2022-07-17,-0.06922
2022-07-18,-0.0678
2022-07-19,-0.06638
2022-07-20,-0.06496
2022-07-21,-0.06354
2022-07-22,-0.06212
2022-07-23,-0.0607
2022-07-24,-0.05928
2022-07-25,-0.05786
2022-07-26,-0.05644
2022-07-27,-0.05502
2022-07-28,-0.0536
2022-07-29,-0.05218
2022-07-30,-0.05076
2022-07-31,-0.04934
2022-08-01,-0.04792
2022-08-02,-0.0465
2022-08-03,-0.04508
2022-08-04,-0.04366
2022-08-05,-0.04224
2022-08-06,-0.04082
2022-08-07,-0.0394
2022-08-08,-0.03798
2022-08-09,-0.03656
2022-08-10,-0.03514
2022-08-11,-0.03372
2022-08-12,-0.0323
2022-08-13,-0.03088
2022-08-14,-0.02946
2022-08-15,-0.02804
2022-08-16,-0.02662
2022-08-17,-0.0252
2022-08-18,-0.02378
2022-08-19,-0.02236
2022-08-20,-0.02094
2022-08-21,-0.01952
2022-08-22,-0.0181
2022-08-23,-0.01668
2022-08-24,-0.01526
2022-08-25,-0.01384
2022-08-26,-0.01242
2022-08-27,-0.011
2022-08-28,-0.0237
2022-08-29,-0.0364
2022-08-30,-0.0491
2022-08-31,-0.0618
2022-09-01,-0.0745
2022-09-02,-0.0872
2022-09-03,-0.0999
2022-09-04,-0.1126
2022-09-05,-0.1253
2022-09-06,-0.138
2022-09-07,-0.13124
2022-09-08,-0.12448
2022-09-09,-0.11772
2022-09-10,-0.11096
2022-09-11,-0.1042
2022-09-12,-0.09744
2022-09-13,-0.09068
2022-09-14,-0.08392
2022-09-15,-0.07716
2022-09-16,-0.0704
2022-09-17,-0.06364
2022-09-18,-0.05688
2022-09-19,-0.05012
2022-09-20,-0.04336
2022-09-21,-0.0366
2022-09-22,-0.02984
2022-09-23,-0.02308
2022-09-24,-0.01632
2022-09-25,-0.00956
2022-09-26,-0.0028
2022-09-27,0.00396
2022-09-28,0.01072
2022-09-29,0.01748
2022-09-30,0.02424
2022-10-01,0.031
2022-10-02,0.02747
2022-10-03,0.02393
2022-10-04,0.0204
2022-10-05,0.01687
2022-10-06,0.01333
2022-10-07,0.0098
2022-10-08,0.00627
2022-10-09,0.00273
2022-10-10,-0.0008
2022-10-11,-0.00433
2022-10-12,-0.00787
2022-10-13,-0.0114
2022-10-14,-0.01493
2022-10-15,-0.01847
2022-10-16,-0.022
2022-10-17,-0.0174
2022-10-18,-0.0128
2022-10-19,-0.0082
2022-10-20,-0.0036
2022-10-21,0.001
2022-10-22,-0.0042
2022-10-23,-0.0094
2022-10-24,-0.0146
2022-10-25,-0.0198
2022-10-26,-0.025
2022-10-27,-0.025
2022-10-28,-0.025
2022-10-29,-0.025
2022-10-30,-0.025
2022-10-31,-0.025
2022-11-01,-0.0202
2022-11-02,-0.0154
2022-11-03,-0.0106
2022-11-04,-0.0058
2022-11-05,-0.001
2022-11-06,-0.0086
2022-11-07,-0.0162
2022-11-08,-0.0238
2022-11-09,-0.0314
2022-11-10,-0.039
2022-11-11,-0.0376
2022-11-12,-0.0362
2022-11-13,-0.0348
2022-11-14,-0.0334
2022-11-15,-0.032
2022-11-16,-0.0222
2022-11-17,-0.0124
2022-11-18,-0.0026
2022-11-19,0.0072
2022-11-20,0.017
2022-11-21,-0.0044
2022-11-22,-0.0258
2022-11-23,-0.0472
2022-11-24,-0.0686
2022-11-25,-0.09
2022-11-26,-0.0776
2022-11-27,-0.0652
2022-11-28,-0.0528
2022-11-29,-0.0404
2022-11-30,-0.028
2022-12-01,-0.0246
2022-12-02,-0.0212
2022-12-03,-0.0178
2022-12-04,-0.0144
2022-12-05,-0.011
2022-12-06,-0.0106
2022-12-07,-0.0102
2022-12-08,-0.0098
2022-12-09,-0.0094
2022-12-10,-0.009
2022-12-11,-0.0206
2022-12-12,-0.0322
2022-12-13,-0.0438
2022-12-14,-0.0554
2022-12-15,-0.067
2022-12-16,-0.06263
2022-12-17,-0.05826
2022-12-18,-0.05389
2022-12-19,-0.04951
2022-12-20,-0.04514
2022-12-21,-0.04077
2022-12-22,-0.0364
2022-12-23,-0.03203
2022-12-24,-0.02766
2022-12-25,-0.02329
2022-12-26,-0.01891
2022-12-27,-0.01454
2022-12-28,-0.01017
2022-12-29,-0.0058
2022-12-30,-0.00143
2022-12-31,0.00294
2023-01-01,0.00731
2023-01-02,0.01169
2023-01-03,0.01606
2023-01-04,0.02043
2023-01-05,0.0248
2023-01-06,0.02917
2023-01-07,0.03354
2023-01-08,0.03791
2023-01-09,0.04229
2023-01-10,0.04666
2023-01-11,0.05103
2023-01-12,0.0554
2023-01-13,0.05977
2023-01-14,0.06414
2023-01-15,0.06851
2023-01-16,0.07289
2023-01-17,0.07726
2023-01-18,0.08163
2023-01-19,0.086
2023-01-20,0.07613
2023-01-21,0.06627
2023-01-22,0.0564
2023-01-23,0.04653
2023-01-24,0.03667
2023-01-25,0.0268
2023-01-26,0.01693
2023-01-27,0.00707
2023-01-28,-0.0028
2023-01-29,-0.01267
2023-01-30,-0.02253
2023-01-31,-0.0324
2023-02-01,-0.04227
2023-02-02,-0.05213
2023-02-03,-0.062
2023-02-04,-0.0624
2023-02-05,-0.0628
2023-02-06,-0.0632
2023-02-07,-0.0636
2023-02-08,-0.064
2023-02-09,-0.0634
2023-02-10,-0.0628
2023-02-11,-0.0622
2023-02-12,-0.0616
2023-02-13,-0.061
2023-02-14,-0.0586
2023-02-15,-0.0562
2023-02-16,-0.0538
2023-02-17,-0.0514
2023-02-18,-0.049
2023-02-19,-0.0518
2023-02-20,-0.0546
2023-02-21,-0.0574
2023-02-22,-0.0602
2023-02-23,-0.063
2023-02-24,-0.0605
2023-02-25,-0.058
2023-02-26,-0.0555
2023-02-27,-0.053
2023-02-28,-0.0505
2023-03-01,-0.048
2023-03-02,-0.0455
2023-03-03,-0.043
2023-03-04,-0.0405
2023-03-05,-0.038
2023-03-06,-0.0428
2023-03-07,-0.0476
2023-03-08,-0.0524
2023-03-09,-0.0572
2023-03-10,-0.062
2023-03-11,-0.0586
2023-03-12,-0.0552
2023-03-13,-0.0518
2023-03-14,-0.0484
2023-03-15,-0.045
2023-03-16,-0.0334
2023-03-17,-0.0218
2023-03-18,-0.0102
2023-03-19,0.0014
2023-03-20,0.013
2023-03-21,0.0246
2023-03-22,0.0362
2023-03-23,0.0478
2023-03-24,0.0594
2023-03-25,0.071
2023-03-26,0.0494
2023-03-27,0.0278
2023-03-28,0.0062
2023-03-29,-0.0154
2023-03-30,-0.037
2023-03-31,-0.048
2023-04-01,-0.059
2023-04-02,-0.07
2023-04-03,-0.081
2023-04-04,-0.092
2023-04-05,-0.0932
2023-04-06,-0.0944
2023-04-07,-0.0956
2023-04-08,-0.0968
2023-04-09,-0.098
2023-04-10,-0.0928
2023-04-11,-0.0876
2023-04-12,-0.0824
2023-04-13,-0.0772
2023-04-14,-0.072
2023-04-15,-0.0602
2023-04-16,-0.0484
2023-04-17,-0.0366
2023-04-18,-0.0248
2023-04-19,-0.013
2023-04-20,-0.02073
2023-04-21,-0.02847
2023-04-22,-0.0362
2023-04-23,-0.04393
2023-04-24,-0.05167
2023-04-25,-0.0594
2023-04-26,-0.06713
2023-04-27,-0.07487
2023-04-28,-0.0826
2023-04-29,-0.09033
2023-04-30,-0.09807
2023-05-01,-0.1058
2023-05-02,-0.11353
2023-05-03,-0.12127
2023-05-04,-0.129
2023-05-05,-0.1194
2023-05-06,-0.1098
2023-05-07,-0.1002
2023-05-08,-0.0906
2023-05-09,-0.081
2023-05-10,-0.0676
2023-05-11,-0.0542
2023-05-12,-0.0408
2023-05-13,-0.0274
2023-05-14,-0.014
2023-05-15,-0.0218
2023-05-16,-0.0296
2023-05-17,-0.0374
2023-05-18,-0.0452
2023-05-19,-0.053
2023-05-20,-0.0557
2023-05-21,-0.0584
2023-05-22,-0.0611
2023-05-23,-0.0638
2023-05-24,-0.0665
2023-05-25,-0.0692
2023-05-26,-0.0719
2023-05-27,-0.0746
2023-05-28,-0.0773
2023-05-29,-0.08
2023-05-30,-0.085
2023-05-31,-0.09
2023-06-01,-0.095
2023-06-02,-0.1
2023-06-03,-0.105
2023-06-04,-0.1042
2023-06-05,-0.1034
2023-06-06,-0.1026
2023-06-07,-0.1018
2023-06-08,-0.101
2023-06-09,-0.0834
2023-06-10,-0.0658
2023-06-11,-0.0482
2023-06-12,-0.0306
2023-06-13,-0.013
2023-06-14,-0.01207
2023-06-15,-0.01113
2023-06-16,-0.0102
2023-06-17,-0.00927
2023-06-18,-0.00833
2023-06-19,-0.0074
2023-06-20,-0.00647
2023-06-21,-0.00553
2023-06-22,-0.0046
2023-06-23,-0.00367
2023-06-24,-0.00273
2023-06-25,-0.0018
2023-06-26,-0.00087
2023-06-27,7e-05
2023-06-28,0.001
2023-06-29,0.00193
2023-06-30,0.00287
2023-07-01,0.0038
2023-07-02,0.00473
2023-07-03,0.00567
2023-07-04,0.0066
2023-07-05,0.00753
2023-07-06,0.00847
2023-07-07,0.0094
2023-07-08,0.01033
2023-07-09,0.01127
2023-07-10,0.0122
2023-07-11,0.01313
2023-07-12,0.01407
2023-07-13,0.015
2023-07-14,0.01593
2023-07-15,0.01687
2023-07-16,0.0178
2023-07-17,0.01873
2023-07-18,0.01967
2023-07-19,0.0206
2023-07-20,0.02153
2023-07-21,0.02247
2023-07-22,0.0234
2023-07-23,0.02433
2023-07-24,0.02527
2023-07-25,0.0262
2023-07-26,0.02713
2023-07-27,0.02807
2023-07-28,0.029
2023-07-29,0.02993
2023-07-30,0.03087
2023-07-31,0.0318
2023-08-01,0.03273
2023-08-02,0.03367
2023-08-03,0.0346
2023-08-04,0.03553
2023-08-05,0.03647
2023-08-06,0.0374
2023-08-07,0.03833
2023-08-08,0.03927
2023-08-09,0.0402
2023-08-10,0.04113
2023-08-11,0.04207
2023-08-12,0.043
2023-08-13,0.0448
2023-08-14,0.0466
2023-08-15,0.0484
2023-08-16,0.0502
2023-08-17,0.052
2023-08-18,0.0511
2023-08-19,0.0502
2023-08-20,0.0493
2023-08-21,0.0484
2023-08-22,0.0475
2023-08-23,0.0466
2023-08-24,0.0457
2023-08-25,0.0448
2023-08-26,0.0439
2023-08-27,0.043
2023-08-28,0.0228
2023-08-29,0.0026
2023-08-30,-0.0176
2023-08-31,-0.0378
2023-09-01,-0.058
2023-09-02,-0.06255
2023-09-03,-0.0671
2023-09-04,-0.07165
2023-09-05,-0.0762
2023-09-06,-0.08075
2023-09-07,-0.0853
2023-09-08,-0.08985
2023-09-09,-0.0944
2023-09-10,-0.09895
2023-09-11,-0.1035
2023-09-12,-0.10805
2023-09-13,-0.1126
2023-09-14,-0.11715
2023-09-15,-0.1217
2023-09-16,-0.12625
2023-09-17,-0.1308
2023-09-18,-0.13535
2023-09-19,-0.1399
2023-09-20,-0.14445
2023-09-21,-0.149
2023-09-22,-0.1362
2023-09-23,-0.1234
2023-09-24,-0.1106
2023-09-25,-0.0978
2023-09-26,-0.085
2023-09-27,-0.0722
2023-09-28,-0.0594
2023-09-29,-0.0466
2023-09-30,-0.0338
2023-10-01,-0.021
2023-10-02,-0.0192
2023-10-03,-0.0174
2023-10-04,-0.0156
2023-10-05,-0.0138
2023-10-06,-0.012
2023-10-07,-0.0222
2023-10-08,-0.0324
2023-10-09,-0.0426
2023-10-10,-0.0528
2023-10-11,-0.063
2023-10-12,-0.0601
2023-10-13,-0.0572
2023-10-14,-0.0543
2023-10-15,-0.0514
2023-10-16,-0.0485
2023-10-17,-0.0456
2023-10-18,-0.0427
2023-10-19,-0.0398
2023-10-20,-0.0369
2023-10-21,-0.034
2023-10-22,-0.0292
2023-10-23,-0.0244
2023-10-24,-0.0196
2023-10-25,-0.0148
2023-10-26,-0.01
2023-10-27,-0.0108
2023-10-28,-0.0116
2023-10-29,-0.0124
2023-10-30,-0.0132
2023-10-31,-0.014
2023-11-01,-0.01767
2023-11-02,-0.02133
2023-11-03,-0.025
2023-11-04,-0.02867
2023-11-05,-0.03233
2023-11-06,-0.036
2023-11-07,-0.03967
2023-11-08,-0.04333
2023-11-09,-0.047
2023-11-10,-0.05067
2023-11-11,-0.05433
2023-11-12,-0.058
2023-11-13,-0.06167
2023-11-14,-0.06533
2023-11-15,-0.069
2023-11-16,-0.0596
2023-11-17,-0.0502
2023-11-18,-0.0408
2023-11-19,-0.0314
2023-11-20,-0.022
2023-11-21,-0.024
2023-11-22,-0.026
2023-11-23,-0.028
2023-11-24,-0.03
2023-11-25,-0.032
2023-11-26,-0.0288
2023-11-27,-0.0256
2023-11-28,-0.0224
2023-11-29,-0.0192
2023-11-30,-0.016
2023-12-01,-0.0128
2023-12-02,-0.0096
2023-12-03,-0.0064
2023-12-04,-0.0032
2023-12-05,0.0
2023-12-06,-0.0088
2023-12-07,-0.0176
2023-12-08,-0.0264
2023-12-09,-0.0352
2023-12-10,-0.044
2023-12-11,-0.0354
2023-12-12,-0.0268
2023-12-13,-0.0182
2023-12-14,-0.0096
2023-12-15,-0.001
2023-12-16,0.0006
2023-12-17,0.0022
2023-12-18,0.0038
2023-12-19,0.0054
2023-12-20,0.007
2023-12-21,0.0086
2023-12-22,0.0102
2023-12-23,0.0118
2023-12-24,0.0134
2023-12-25,0.015
2023-12-26,0.01362
2023-12-27,0.01223
2023-12-28,0.01085
2023-12-29,0.00947
2023-12-30,0.00808
2023-12-31,0.0067
2024-01-01,0.00532
2024-01-02,0.00393
2024-01-03,0.00255
2024-01-04,0.00117
2024-01-05,-0.00022
2024-01-06,-0.0016
2024-01-07,-0.00298
2024-01-08,-0.00437
2024-01-09,-0.00575
2024-01-10,-0.00713
2024-01-11,-0.00852
2024-01-12,-0.0099
2024-01-13,-0.01128
2024-01-14,-0.01267
2024-01-15,-0.01405
2024-01-16,-0.01543
2024-01-17,-0.01682
2024-01-18,-0.0182
2024-01-19,-0.01958
2024-01-20,-0.02097
2024-01-21,-0.02235
2024-01-22,-0.02373
2024-01-23,-0.02512
2024-01-24,-0.0265
2024-01-25,-0.02788
2024-01-26,-0.02927
2024-01-27,-0.03065
2024-01-28,-0.03203
2024-01-29,-0.03342
2024-01-30,-0.0348
2024-01-31,-0.03618
2024-02-01,-0.03757
2024-02-02,-0.03895
2024-02-03,-0.04033
2024-02-04,-0.04172
2024-02-05,-0.0431
2024-02-06,-0.04448
2024-02-07,-0.04587
2024-02-08,-0.04725
2024-02-09,-0.04863
2024-02-10,-0.05002
2024-02-11,-0.0514
2024-02-12,-0.05278
2024-02-13,-0.05417
2024-02-14,-0.05555
2024-02-15,-0.05693
2024-02-16,-0.05832
2024-02-17,-0.0597
2024-02-18,-0.06108
2024-02-19,-0.06247
2024-02-20,-0.06385
2024-02-21,-0.06523
2024-02-22,-0.06662
2024-02-23,-0.068
2024-02-24,-0.073
2024-02-25,-0.078
2024-02-26,-0.083
2024-02-27,-0.088
2024-02-28,-0.093
2024-02-29,-0.082
2024-03-01,-0.071
2024-03-02,-0.06
2024-03-03,-0.049
2024-03-04,-0.038
2024-03-05,-0.0424
2024-03-06,-0.0468
2024-03-07,-0.0512
2024-03-08,-0.0556
2024-03-09,-0.06
2024-03-10,-0.051
2024-03-11,-0.042
2024-03-12,-0.033
2024-03-13,-0.024
2024-03-14,-0.015
2024-03-15,-0.0038
2024-03-16,0.0074
2024-03-17,0.0186
2024-03-18,0.0298
2024-03-19,0.041
2024-03-20,0.03525
2024-03-21,0.0295
2024-03-22,0.02375
2024-03-23,0.018
2024-03-24,0.01225
2024-03-25,0.0065
2024-03-26,0.00075
2024-03-27,-0.005
2024-03-28,-0.01075
2024-03-29,-0.0165
2024-03-30,-0.02225
2024-03-31,-0.028
2024-04-01,-0.03375
2024-04-02,-0.0395
2024-04-03,-0.04525
2024-04-04,-0.051
2024-04-05,-0.05675
2024-04-06,-0.0625
2024-04-07,-0.06825
2024-04-08,-0.074
2024-04-09,-0.0665
2024-04-10,-0.059
2024-04-11,-0.0515
2024-04-12,-0.044
2024-04-13,-0.0365
2024-04-14,-0.029
2024-04-15,-0.0215
2024-04-16,-0.014
2024-04-17,-0.0065
2024-04-18,0.001
2024-04-19,-0.009
2024-04-20,-0.019
2024-04-21,-0.029
2024-04-22,-0.039
2024-04-23,-0.049
2024-04-24,-0.04793
2024-04-25,-0.04687
2024-04-26,-0.0458
2024-04-27,-0.04473
2024-04-28,-0.04367
2024-04-29,-0.0426
2024-04-30,-0.04153
2024-05-01,-0.04047
2024-05-02,-0.0394
2024-05-03,-0.03833
2024-05-04,-0.03727
2024-05-05,-0.0362
2024-05-06,-0.03513
2024-05-07,-0.03407
2024-05-08,-0.033
2024-05-09,-0.0388
2024-05-10,-0.0446
2024-05-11,-0.0504
2024-05-12,-0.0562
2024-05-13,-0.062
2024-05-14,-0.0608
2024-05-15,-0.0596
2024-05-16,-0.0584
2024-05-17,-0.0572
2024-05-18,-0.056
2024-05-19,-0.052
2024-05-20,-0.048
2024-05-21,-0.044
2024-05-22,-0.04
2024-05-23,-0.036
2024-05-24,-0.051
2024-05-25,-0.066
2024-05-26,-0.081
2024-05-27,-0.096
2024-05-28,-0.111
2024-05-29,-0.1082
2024-05-30,-0.1054
2024-05-31,-0.1026
2024-06-01,-0.0998
2024-06-02,-0.097
2024-06-03,-0.053
2024-06-04,-0.009
2024-06-05,0.035
2024-06-06,0.079
2024-06-07,0.123
2024-06-08,0.0942
2024-06-09,0.0654
2024-06-10,0.0366
2024-06-11,0.0078
2024-06-12,-0.021
2024-06-13,-0.0268
2024-06-14,-0.0326
2024-06-15,-0.0384
2024-06-16,-0.0442
2024-06-17,-0.05
2024-06-18,-0.0578
2024-06-19,-0.0656
2024-06-20,-0.0734
2024-06-21,-0.0812
2024-06-22,-0.089
2024-06-23,-0.08827
2024-06-24,-0.08754
2024-06-25,-0.08681
2024-06-26,-0.08609
2024-06-27,-0.08536
2024-06-28,-0.08463
2024-06-29,-0.0839
2024-06-30,-0.08317
2024-07-01,-0.08244
2024-07-02,-0.08171
2024-07-03,-0.08099
2024-07-04,-0.08026
2024-07-05,-0.07953
2024-07-06,-0.0788
2024-07-07,-0.07807
2024-07-08,-0.07734
2024-07-09,-0.07661
2024-07-10,-0.07589
2024-07-11,-0.07516
2024-07-12,-0.07443
2024-07-13,-0.0737
2024-07-14,-0.07297
2024-07-15,-0.07224
2024-07-16,-0.07151
2024-07-17,-0.07079
2024-07-18,-0.07006
2024-07-19,-0.06933
2024-07-20,-0.0686
2024-07-21,-0.06787
2024-07-22,-0.06714
2024-07-23,-0.06641
2024-07-24,-0.06569
2024-07-25,-0.06496
2024-07-26,-0.06423
2024-07-27,-0.0635
2024-07-28,-0.06277
2024-07-29,-0.06204
2024-07-30,-0.06131
2024-07-31,-0.06059
2024-08-01,-0.05986
2024-08-02,-0.05913
2024-08-03,-0.0584
2024-08-04,-0.05767
2024-08-05,-0.05694
2024-08-06,-0.05621
2024-08-07,-0.05549
2024-08-08,-0.05476
2024-08-09,-0.05403
2024-08-10,-0.0533
2024-08-11,-0.05257
2024-08-12,-0.05184
2024-08-13,-0.05111
2024-08-14,-0.05039
2024-08-15,-0.04966
2024-08-16,-0.04893
2024-08-17,-0.0482
2024-08-18,-0.04747
2024-08-19,-0.04674
2024-08-20,-0.04601
2024-08-21,-0.04529
2024-08-22,-0.04456
2024-08-23,-0.04383
2024-08-24,-0.0431
2024-08-25,-0.04237
2024-08-26,-0.04164
2024-08-27,-0.04091
2024-08-28,-0.04019
2024-08-29,-0.03946
2024-08-30,-0.03873
2024-08-31,-0.038
2024-09-01,-0.0375
2024-09-02,-0.037
2024-09-03,-0.0365
2024-09-04,-0.036
2024-09-05,-0.0355
2024-09-06,-0.035
2024-09-07,-0.0345
2024-09-08,-0.034
2024-09-09,-0.0335
2024-09-10,-0.033
2024-09-11,-0.0346
2024-09-12,-0.0362
2024-09-13,-0.0378
2024-09-14,-0.0394
2024-09-15,-0.041
2024-09-16,-0.0426
2024-09-17,-0.0442
2024-09-18,-0.0458
2024-09-19,-0.0474
2024-09-20,-0.049
2024-09-21,-0.0532
2024-09-22,-0.0574
2024-09-23,-0.0616
2024-09-24,-0.0658
2024-09-25,-0.07
2024-09-26,-0.0742
2024-09-27,-0.0784
2024-09-28,-0.0826
2024-09-29,-0.0868
2024-09-30,-0.091
2024-10-01,-0.0952
2024-10-02,-0.0994
2024-10-03,-0.1036
2024-10-04,-0.1078
2024-10-05,-0.112
2024-10-06,-0.1124
2024-10-07,-0.1128
2024-10-08,-0.1132
2024-10-09,-0.1136
2024-10-10,-0.114
2024-10-11,-0.1008
2024-10-12,-0.0876
2024-10-13,-0.0744
2024-10-14,-0.0612
2024-10-15,-0.048
2024-10-16,-0.0338
2024-10-17,-0.0196
2024-10-18,-0.0054
2024-10-19,0.0088
2024-10-20,0.023
2024-10-21,0.0152
2024-10-22,0.0074
2024-10-23,-0.0004
2024-10-24,-0.0082
2024-10-25,-0.016
2024-10-26,-0.0112
2024-10-27,-0.0064
2024-10-28,-0.0016
2024-10-29,0.0032
2024-10-30,0.008
2024-10-31,-0.0024
2024-11-01,-0.0128
2024-11-02,-0.0232
2024-11-03,-0.0336
2024-11-04,-0.044
2024-11-05,0.001
2024-11-06,0.046
2024-11-07,0.091
2024-11-08,0.136
2024-11-09,0.181
2024-11-10,0.1472
2024-11-11,0.1134
2024-11-12,0.0796
2024-11-13,0.0458
2024-11-14,0.012
2024-11-15,0.0049
2024-11-16,-0.0022
2024-11-17,-0.0093
2024-11-18,-0.0164
2024-11-19,-0.0235
2024-11-20,-0.0306
2024-11-21,-0.0377
2024-11-22,-0.0448
2024-11-23,-0.0519
2024-11-24,-0.059
2024-11-25,-0.0528
2024-11-26,-0.0466
2024-11-27,-0.0404
2024-11-28,-0.0342
2024-11-29,-0.028
2024-11-30,-0.0362
2024-12-01,-0.0444
2024-12-02,-0.0526
2024-12-03,-0.0608
2024-12-04,-0.069
2024-12-05,-0.0639
2024-12-06,-0.0588
2024-12-07,-0.0537
2024-12-08,-0.0486
2024-12-09,-0.0435
2024-12-10,-0.0518
2024-12-11,-0.0601
2024-12-12,-0.0684
2024-12-13,-0.0767
2024-12-14,-0.085
2024-12-15,-0.0688
2024-12-16,-0.0526
2024-12-17,-0.0364
2024-12-18,-0.0202
2024-12-19,-0.004
2024-12-20,-0.00572
2024-12-21,-0.00744
2024-12-22,-0.00916
2024-12-23,-0.01088
2024-12-24,-0.0126
2024-12-25,-0.01432
2024-12-26,-0.01604
2024-12-27,-0.01776
2024-12-28,-0.01948
2024-12-29,-0.0212
2024-12-30,-0.02292
2024-12-31,-0.02464
2025-01-01,-0.02636
2025-01-02,-0.02808
2025-01-03,-0.0298
2025-01-04,-0.03152
2025-01-05,-0.03324
2025-01-06,-0.03496
2025-01-07,-0.03668
2025-01-08,-0.0384
2025-01-09,-0.04012
2025-01-10,-0.04184
2025-01-11,-0.04356
2025-01-12,-0.04528
2025-01-13,-0.047
2025-01-14,-0.0466
2025-01-15,-0.0462
2025-01-16,-0.0458
2025-01-17,-0.0454
2025-01-18,-0.045
2025-01-19,-0.0446
2025-01-20,-0.0442
2025-01-21,-0.0438
2025-01-22,-0.0434
2025-01-23,-0.043
2025-01-24,-0.0412
2025-01-25,-0.0394
2025-01-26,-0.0376
2025-01-27,-0.0358
2025-01-28,-0.034
2025-01-29,-0.0356
2025-01-30,-0.0372
2025-01-31,-0.0388
2025-02-01,-0.0404
2025-02-02,-0.042
2025-02-03,-0.0466
2025-02-04,-0.0512
2025-02-05,-0.0558
2025-02-06,-0.0604
2025-02-07,-0.065
2025-02-08,-0.0676
2025-02-09,-0.0702
2025-02-10,-0.0728
2025-02-11,-0.0754
2025-02-12,-0.078
2025-02-13,-0.0731
2025-02-14,-0.0682
2025-02-15,-0.0633
2025-02-16,-0.0584
2025-02-17,-0.0535
2025-02-18,-0.0486
2025-02-19,-0.0437
2025-02-20,-0.0388
2025-02-21,-0.0339
2025-02-22,-0.029
2025-02-23,-0.0265
2025-02-24,-0.024
2025-02-25,-0.0215
2025-02-26,-0.019
2025-02-27,-0.0165
2025-02-28,-0.014
2025-03-01,-0.0115
2025-03-02,-0.009
2025-03-03,-0.0065
2025-03-04,-0.004
2025-03-05,-0.0128
2025-03-06,-0.0216
2025-03-07,-0.0304
2025-03-08,-0.0392
2025-03-09,-0.048
2025-03-10,-0.0574
2025-03-11,-0.0668
2025-03-12,-0.0762
2025-03-13,-0.0856
2025-03-14,-0.095
2025-03-15,-0.0676
2025-03-16,-0.0402
2025-03-17,-0.0128
2025-03-18,0.0146
2025-03-19,0.042
2025-03-20,0.0364
2025-03-21,0.0308
2025-03-22,0.0252
2025-03-23,0.0196
2025-03-24,0.014
2025-03-25,0.01057
2025-03-26,0.00714
2025-03-27,0.00371
2025-03-28,0.00029
2025-03-29,-0.00314
2025-03-30,-0.00657
2025-03-31,-0.01
2025-04-01,-0.006
2025-04-02,-0.002
2025-04-03,0.002
2025-04-04,0.0016
2025-04-05,0.0012
2025-04-06,0.0008
2025-04-07,0.0004
2025-04-08,0.0
2025-04-09,-0.0178
2025-04-10,-0.0356
2025-04-11,-0.0534
2025-04-12,-0.0712
2025-04-13,-0.089
2025-04-14,-0.0758
2025-04-15,-0.0626
2025-04-16,-0.0494
2025-04-17,-0.0362
2025-04-18,-0.023
2025-04-19,0.0765
2025-04-20,0.176
2025-04-21,0.06967
2025-04-22,-0.03667
2025-04-23,-0.143
2025-04-24,-0.1182
2025-04-25,-0.0934
2025-04-26,-0.0686
2025-04-27,-0.0438
2025-04-28,-0.019
2025-04-29,-0.0265
2025-04-30,-0.034
2025-05-01,-0.0415
2025-05-02,-0.049
2025-05-03,-0.0565
2025-05-04,-0.064
2025-05-05,-0.0715
2025-05-06,-0.079
2025-05-07,-0.0865
2025-05-08,-0.094
2025-05-09,-0.1015
2025-05-10,-0.109
2025-05-11,-0.07967
2025-05-12,-0.05033
2025-05-13,-0.021
2025-05-14,-0.032
2025-05-15,-0.043
2025-05-16,-0.054
2025-05-17,-0.065
2025-05-18,-0.076
2025-05-19,-0.0692
2025-05-20,-0.0624
2025-05-21,-0.0556
2025-05-22,-0.0488
2025-05-23,-0.042
2025-05-24,-0.045
2025-05-25,-0.048
2025-05-26,-0.051
2025-05-27,-0.054
2025-05-28,-0.057
2025-05-29,-0.0556
2025-05-30,-0.0542
2025-05-31,-0.0528
2025-06-01,-0.0514
2025-06-02,-0.05
2025-06-03,-0.0588
2025-06-04,-0.0676
2025-06-05,-0.0764
2025-06-06,-0.0852
2025-06-07,-0.094
2025-06-08,-0.0846
2025-06-09,-0.0752
2025-06-10,-0.0658
2025-06-11,-0.0564
2025-06-12,-0.047
2025-06-13,-0.04683
2025-06-14,-0.04666
2025-06-15,-0.04649
2025-06-16,-0.04633
2025-06-17,-0.04616
2025-06-18,-0.04599
2025-06-19,-0.04582
2025-06-20,-0.04565
2025-06-21,-0.04548
2025-06-22,-0.04532
2025-06-23,-0.04515
2025-06-24,-0.04498
2025-06-25,-0.04481
2025-06-26,-0.04464
2025-06-27,-0.04447
2025-06-28,-0.04431
2025-06-29,-0.04414
2025-06-30,-0.04397
2025-07-01,-0.0438
2025-07-02,-0.04363
2025-07-03,-0.04346
2025-07-04,-0.04329
2025-07-05,-0.04313
2025-07-06,-0.04296
2025-07-07,-0.04279
2025-07-08,-0.04262
2025-07-09,-0.04245
2025-07-10,-0.04228
2025-07-11,-0.04212
2025-07-12,-0.04195
2025-07-13,-0.04178
2025-07-14,-0.04161
2025-07-15,-0.04144
2025-07-16,-0.04127
2025-07-17,-0.04111
2025-07-18,-0.04094
2025-07-19,-0.04077
2025-07-20,-0.0406
2025-07-21,-0.04043
2025-07-22,-0.04026
2025-07-23,-0.04009
2025-07-24,-0.03993
2025-07-25,-0.03976
2025-07-26,-0.03959
2025-07-27,-0.03942
2025-07-28,-0.03925
2025-07-29,-0.03908
2025-07-30,-0.03892
2025-07-31,-0.03875
2025-08-01,-0.03858
2025-08-02,-0.03841
2025-08-03,-0.03824
2025-08-04,-0.03807
2025-08-05,-0.03791
2025-08-06,-0.03774
2025-08-07,-0.03757
2025-08-08,-0.0374
2025-08-09,-0.03723
2025-08-10,-0.03706
2025-08-11,-0.03689
2025-08-12,-0.03673
2025-08-13,-0.03656
2025-08-14,-0.03639
2025-08-15,-0.03622
2025-08-16,-0.03605
2025-08-17,-0.03588
2025-08-18,-0.03572
2025-08-19,-0.03555
2025-08-20,-0.03538
2025-08-21,-0.03521
2025-08-22,-0.03504
2025-08-23,-0.03487
2025-08-24,-0.03471
2025-08-25,-0.03454
2025-08-26,-0.03437
2025-08-27,-0.0342
2025-08-28,-0.03403
2025-08-29,-0.03386
2025-08-30,-0.03369
2025-08-31,-0.03353
2025-09-01,-0.03336
2025-09-02,-0.03319
2025-09-03,-0.03302
2025-09-04,-0.03285
2025-09-05,-0.03268
2025-09-06,-0.03252
2025-09-07,-0.03235
2025-09-08,-0.03218
2025-09-09,-0.03201
2025-09-10,-0.03184
2025-09-11,-0.03167
2025-09-12,-0.03151
2025-09-13,-0.03134
2025-09-14,-0.03117
2025-09-15,-0.031
2025-09-16,-0.0268
2025-09-17,-0.0226
2025-09-18,-0.0184
2025-09-19,-0.0142
2025-09-20,-0.01
2025-09-21,-0.0132
2025-09-22,-0.0164
2025-09-23,-0.0196
2025-09-24,-0.0228
2025-09-25,-0.026
2025-09-26,-0.034
2025-09-27,-0.042
2025-09-28,-0.046
2025-09-29,-0.05
2025-09-30,-0.054
2025-10-01,-0.058
2025-10-02,-0.062
2025-10-03,-0.066
2025-10-04,-0.07
2025-10-05,-0.074
2025-10-06,-0.0574
2025-10-07,-0.0408
2025-10-08,-0.0242
2025-10-09,-0.0076
2025-10-10,0.009
2025-10-11,-0.0008
2025-10-12,-0.0106
2025-10-13,-0.0204
2025-10-14,-0.0302
2025-10-15,-0.04
2025-10-16,-0.021
2025-10-17,-0.002
2025-10-18,-0.01267
2025-10-19,-0.02333
2025-10-20,-0.034
2025-10-21,-0.0304
2025-10-22,-0.0268
2025-10-23,-0.0232
2025-10-24,-0.0196
2025-10-25,-0.016
2025-10-26,-0.02067
2025-10-27,-0.02533
2025-10-28,-0.03
2025-10-29,-0.03467
2025-10-30,-0.03933
2025-10-31,-0.044
2025-11-01,-0.04867
2025-11-02,-0.05333
2025-11-03,-0.058
2025-11-04,-0.06267
2025-11-05,-0.06733
2025-11-06,-0.072
2025-11-07,-0.07933
2025-11-08,-0.08667
2025-11-09,-0.094
2025-11-10,-0.089
2025-11-11,-0.084
2025-11-12,-0.079
2025-11-13,-0.074
2025-11-14,-0.069
2025-11-15,-0.0646
2025-11-16,-0.0602
2025-11-17,-0.0558
2025-11-18,-0.0514
2025-11-19,-0.047
2025-11-20,-0.0354
2025-11-21,-0.0238
2025-11-22,-0.0122
2025-11-23,-0.0006
2025-11-24,0.011
2025-11-25,-0.005
2025-11-26,-0.021
2025-11-27,-0.03067
2025-11-28,-0.04033
2025-11-29,-0.05
2025-11-30,-0.0494
2025-12-01,-0.0488
2025-12-02,-0.0482
2025-12-03,-0.0476
2025-12-04,-0.047
2025-12-05,-0.0464
2025-12-06,-0.0458
2025-12-07,-0.0452
2025-12-08,-0.0446
2025-12-09,-0.044
2025-12-10,0.034
2025-12-11,0.112
2025-12-12,0.19
2025-12-13,0.268
2025-12-14,0.346
2025-12-15,0.424
2025-12-16,0.502
2025-12-17,0.43288
2025-12-18,0.36375
2025-12-19,0.29462
2025-12-20,0.2255
2025-12-21,0.15637
2025-12-22,0.08725
2025-12-23,0.01812
2025-12-24,-0.051
